set global max_connections = 2000;
CREATE DATABASE  IF NOT EXISTS `SteamAPI` /*!40100 DEFAULT CHARACTER SET latin1 */;
USE `SteamAPI`;
-- MySQL dump 10.13  Distrib 8.0.22, for macos10.15 (x86_64)
--
-- Host: 192.168.1.100    Database: SteamAPI
-- ------------------------------------------------------
-- Server version	5.7.32-0ubuntu0.18.04.1

/*!40101 SET @OLD_CHARACTER_SET_CLIENT=@@CHARACTER_SET_CLIENT */;
/*!40101 SET @OLD_CHARACTER_SET_RESULTS=@@CHARACTER_SET_RESULTS */;
/*!40101 SET @OLD_COLLATION_CONNECTION=@@COLLATION_CONNECTION */;
/*!50503 SET NAMES utf8 */;
/*!40103 SET @OLD_TIME_ZONE=@@TIME_ZONE */;
/*!40103 SET TIME_ZONE='+00:00' */;
/*!40014 SET @OLD_UNIQUE_CHECKS=@@UNIQUE_CHECKS, UNIQUE_CHECKS=0 */;
/*!40014 SET @OLD_FOREIGN_KEY_CHECKS=@@FOREIGN_KEY_CHECKS, FOREIGN_KEY_CHECKS=0 */;
/*!40101 SET @OLD_SQL_MODE=@@SQL_MODE, SQL_MODE='NO_AUTO_VALUE_ON_ZERO' */;
/*!40111 SET @OLD_SQL_NOTES=@@SQL_NOTES, SQL_NOTES=0 */;

--
-- Table structure for table `friend_list`
--

DROP TABLE IF EXISTS `friend_list`;
/*!40101 SET @saved_cs_client     = @@character_set_client */;
/*!50503 SET character_set_client = utf8mb4 */;
CREATE TABLE `friend_list` (
  `id` bigint(20) NOT NULL,
  `steamid64` varchar(255) DEFAULT NULL,
  PRIMARY KEY (`id`)
) ENGINE=InnoDB DEFAULT CHARSET=latin1;
/*!40101 SET character_set_client = @saved_cs_client */;

--
-- Dumping data for table `friend_list`
--

LOCK TABLES `friend_list` WRITE;
/*!40000 ALTER TABLE `friend_list` DISABLE KEYS */;
INSERT INTO `friend_list` VALUES (9,'76561198069231727'),(10,'76561198018288908'),(12,'76561198079633345'),(20,'76561198089525491'),(21,'76561198069231727'),(22,'76561198018288908'),(23,'76561198079633345'),(24,'76561198440364879'),(25,'76561198079513535'),(26,'76561198019969375'),(27,'76561198304038093'),(28,'76561198141835247'),(29,'76561197964981199'),(30,'76561198102902155'),(31,'76561198009056569'),(32,'76561197970789978'),(38,'76561198019969375'),(40,'76561198304038093'),(44,'76561198079633345'),(46,'76561198079633345'),(48,'76561198079633345'),(50,'76561198079633345'),(52,'76561198079633345'),(55,'76561198079633345'),(58,'76561198079633345'),(60,'76561198079513535'),(62,'76561198079633345'),(65,'76561198079633345'),(68,'76561198079633345'),(71,'76561198079633345'),(74,'76561198079633345'),(77,'76561198079633345'),(79,'76561198079633345'),(81,'76561198079633345'),(83,'76561198079633345'),(86,'76561198079633345'),(89,'76561198079633345'),(92,'76561198079633345'),(95,'76561198079633345'),(98,'76561198079633345'),(101,'76561198079633345'),(104,'76561198079633345'),(107,'76561198079633345'),(110,'76561198079633345'),(113,'76561198079633345'),(116,'76561198079633345'),(119,'76561198079633345'),(122,'76561198079633345'),(125,'76561198079633345'),(127,'76561198079633345'),(130,'76561198079633345'),(132,'76561198079633345'),(134,'76561198079633345'),(136,'76561198079633345'),(138,'76561198079633345'),(141,'76561198079633345'),(173,'76561197964981199'),(174,'76561198079633345'),(175,'76561198019969375'),(176,'76561198440364879'),(177,'76561198018288908'),(178,'76561197970789978'),(179,'76561198102902155'),(180,'76561198009056569'),(181,'76561198141835247'),(238,'76561198079633345'),(241,'76561198089525491'),(263,'01719929366599895'),(266,'28220155164690229'),(268,'93794504807405059'),(269,'12966939509568184'),(270,'40824895609020377'),(271,'60840221473338264'),(272,'70577046461419719'),(273,'15156518438947041'),(274,'62937119277235211'),(276,'05636301665966310'),(277,'53436944888495300'),(279,'73153102339074341'),(281,'29948005681104113'),(282,'76088456686033111'),(283,'79599629160622178'),(284,'17260517594574635'),(285,'89607948846652593'),(286,'53017512258589905'),(287,'06687999340256612'),(288,'69462353324363024'),(289,'97850345649374299'),(291,'69068308559576423'),(292,'30226163236875638'),(294,'40060667705924918'),(295,'50939381362845890'),(296,'57592893812036471'),(299,'10057995313482440'),(300,'29116387849095326'),(301,'05260978638985933'),(302,'94479883551996299'),(303,'28773154413700974'),(304,'75538589819536251'),(306,'57229229474603669'),(307,'82249969498659625'),(308,'28317347310546529'),(309,'24723452395044181'),(310,'69402754873355605'),(311,'40420560547568117'),(312,'92260439541569183'),(313,'32834339713144897'),(314,'51318708631052288'),(315,'76033459010405851'),(317,'86323199112418118'),(318,'48568181259334073'),(319,'85145874872018342'),(320,'40471715154312047'),(322,'93508899295129860'),(324,'60037668624187230'),(325,'52450672294704223'),(326,'72412909023429053'),(327,'84541989761992989'),(328,'03892373908330924'),(331,'41556856193247926'),(332,'50241641492372340'),(333,'99479763300725651'),(335,'42615250971809117'),(337,'55282762225071537'),(338,'45044838822371595'),(339,'67240987064844470'),(340,'28107355151292846'),(341,'60175192645227910'),(342,'89462690096308260'),(343,'66810289702851842'),(344,'76561198079633345'),(346,'76561198079633345'),(349,'76561198079633345'),(352,'76561198079633345'),(355,'76561198079633345'),(358,'76561198079633345'),(361,'76561198079633345'),(364,'76561198079633345'),(368,'15081789665037434'),(369,'54957270934130796'),(370,'51947081342016373'),(371,'96590157670550879'),(372,'33109406686896253'),(373,'56950424930134199'),(374,'68258977395886387'),(375,'20003866561951370'),(376,'82155370767924488'),(377,'55819825399840058'),(379,'78550444733751649'),(380,'40244287873090008'),(381,'00924381537422673'),(382,'60749918899589354'),(383,'79424486272807887'),(384,'91028000000653221'),(385,'78080808816663153'),(386,'87408000087824983'),(387,'76561198079633345'),(391,'39780944861710272'),(392,'06156494573861980'),(393,'08613365439972701'),(394,'76561198079633345'),(398,'20783677635895968'),(399,'12826077016194947'),(400,'65392373932013968'),(401,'14069079377495137'),(402,'00289980858444627'),(403,'32315028948877852'),(404,'76143824065496330'),(405,'76561198079633345'),(409,'58121582078642503'),(410,'43873598662248681'),(411,'86564296731285914'),(412,'98512293751744544'),(413,'76561198079633345'),(417,'62054669348401147'),(418,'76561198079633345'),(422,'38351301398106986'),(423,'82690462334295467'),(424,'95919998685143608'),(425,'04694234004053074'),(426,'38136190178951096'),(427,'22844228044294752'),(428,'10025032176116974'),(430,'85548540903664115'),(431,'91199218474303952'),(432,'46845131002807197'),(433,'73147136726535442'),(434,'04839528589235111'),(435,'38219885265045537'),(436,'76302531929730608'),(437,'87484165724549260'),(438,'81773820540813089'),(439,'71245282727365092'),(441,'06943677743770631'),(442,'00338318089324381'),(443,'93862452123172559'),(444,'62355882064192095'),(445,'16445054614670285'),(446,'76561198079633345'),(450,'27267834922155318'),(451,'28457373112561857'),(452,'76561198079633345'),(456,'76175167339430227'),(457,'76749717882166512'),(458,'02732481555936907'),(459,'59769109913793308'),(460,'91533499850371522'),(461,'76561198079633345'),(465,'73384553679744701'),(466,'49966269028519301'),(467,'99222165856755705'),(468,'94183364893943578'),(469,'61639719000789588'),(470,'56909972106896232'),(471,'33952617587668405'),(472,'68243579938462364'),(473,'76561198079633345'),(477,'53483929027570435'),(478,'96692542867777998'),(479,'87976847317703212'),(480,'89788345081231119'),(481,'58413236960158449'),(482,'35035064421628187'),(483,'76561198079633345'),(487,'60817707063877796'),(488,'39442446356909547'),(489,'72187022052560121'),(490,'42567597301473528'),(491,'74048218424494095'),(492,'31502219960077971'),(493,'27722908185000985'),(494,'66788869950882623'),(495,'05271367851646135'),(496,'93970205237731513'),(497,'76561198079633345'),(501,'48510964989578157'),(502,'22488321267943502'),(503,'13317950220587940'),(504,'34259427487025494'),(506,'24909198355148639'),(507,'18436944045972922'),(508,'39972375173133991'),(509,'12490639593997447'),(510,'21134732396667341'),(511,'08233132642053556'),(512,'72095132482922110'),(513,'21351746986870551'),(514,'57112140158615674'),(515,'38578237598558358'),(516,'76561198079633345'),(520,'29224385809443768'),(521,'07587977148338132'),(522,'70445198249815137'),(523,'76561198079633345'),(526,'76561198079633345'),(529,'76561198079633345'),(533,'79434412656145589'),(534,'99768646876883988'),(535,'24024374466522451'),(536,'92331529611623314'),(537,'76561198079633345'),(541,'56387205160776025'),(542,'94526517850214686'),(543,'85208083802821716'),(544,'68842567926971224'),(545,'41333989178067536'),(546,'71599827176078817'),(547,'80791359869474452'),(548,'05446986966664013'),(549,'46809505862914517'),(550,'76561198079633345'),(554,'13301293263880320'),(555,'68868020192370650'),(556,'65754549236977476'),(557,'43207754777195041'),(558,'53947690516308644'),(559,'08598572199368713'),(560,'38815577015257406'),(561,'87979091132525439'),(562,'97136814786996685'),(563,'11417137257452193'),(564,'76561198079633345'),(568,'69452304189703803'),(569,'87224592594896690'),(570,'13267342603929890'),(571,'59074455556677563'),(572,'32568949806419189'),(573,'08546244695807630'),(574,'76561198079633345'),(576,'76561198079633345'),(578,'86147247025178960'),(579,'76202329152175224'),(580,'43259787690570273'),(581,'28887743414395243'),(582,'12516628607593447'),(583,'44149704548294540'),(584,'46286337707306099'),(585,'54955598370304523'),(586,'79108221324765981');
/*!40000 ALTER TABLE `friend_list` ENABLE KEYS */;
UNLOCK TABLES;

--
-- Table structure for table `game`
--

DROP TABLE IF EXISTS `game`;
/*!40101 SET @saved_cs_client     = @@character_set_client */;
/*!50503 SET character_set_client = utf8mb4 */;
CREATE TABLE `game` (
  `id` bigint(20) NOT NULL,
  `title` varchar(255) DEFAULT NULL,
  PRIMARY KEY (`id`)
) ENGINE=InnoDB DEFAULT CHARSET=latin1;
/*!40101 SET character_set_client = @saved_cs_client */;

--
-- Dumping data for table `game`
--

LOCK TABLES `game` WRITE;
/*!40000 ALTER TABLE `game` DISABLE KEYS */;
INSERT INTO `game` VALUES (10,'Counter-Strike'),(20,'Team Fortress Classic'),(30,'Day of Defeat'),(40,'Deathmatch Classic'),(50,'Half-Life: Opposing Force'),(60,'Ricochet'),(70,'Half-Life'),(80,'Counter-Strike: Condition Zero'),(100,'Counter-Strike: Condition Zero Deleted Scenes'),(130,'Half-Life: Blue Shift'),(211,'Source SDK'),(220,'Half-Life 2'),(240,'Counter-Strike: Source'),(280,'Half-Life: Source'),(300,'Day of Defeat: Source'),(320,'Half-Life 2: Deathmatch'),(340,'Half-Life 2: Lost Coast'),(360,'Half-Life Deathmatch: Source'),(380,'Half-Life 2: Episode One'),(400,'Portal'),(420,'Half-Life 2: Episode Two'),(440,'Team Fortress 2'),(500,'Left 4 Dead'),(550,'Left 4 Dead 2'),(570,'Dota 2'),(620,'Portal 2'),(630,'Alien Swarm'),(730,'Counter-Strike: Global Offensive'),(1200,'Red Orchestra: Ostfront 41-45'),(1230,'Mare Nostrum'),(1250,'Killing Floor'),(1280,'Darkest Hour: Europe \'44-\'45'),(1300,'SiN Episodes: Emergence'),(1309,'SiN Multiplayer'),(1313,'SiN: Gold'),(1500,'Darwinia'),(1510,'Uplink'),(1520,'DEFCON'),(1530,'Multiwinia'),(1700,'Arx Fatalis'),(1840,'Source Filmmaker'),(1900,'Earth 2160'),(2200,'Quake III Arena'),(2210,'Quake 4'),(2270,'Wolfenstein 3D'),(2280,'The Ultimate DOOM'),(2290,'Final DOOM'),(2300,'DOOM II: Hell on Earth'),(2310,'Quake'),(2320,'Quake II'),(2330,'Quake II: The Reckoning'),(2340,'Quake II: Ground Zero'),(2350,'Quake III: Team Arena'),(2360,'HeXen: Beyond Heretic'),(2370,'HeXen: Deathkings of the Dark Citadel'),(2390,'Heretic: Shadow of the Serpent Riders'),(2500,'Shadowgrounds'),(2540,'RIP'),(2545,'RIP 2: Strike Back'),(2550,'RIP 3: The Last Hero'),(2570,'Vigil: Blood Bitterness'),(2600,'Vampire: The Masquerade - Bloodlines'),(2700,'RollerCoaster Tycoon 3: Platinum!'),(2710,'Act of War: Direct Action'),(2800,'X2: The Threat'),(2810,'X3: Reunion'),(2820,'X3: Terran Conflict'),(2840,'X: Beyond the Frontier'),(2850,'X-Tension'),(2870,'X Rebirth'),(3170,'King\'s Bounty: Armored Princess'),(3270,'Painkiller Overdose'),(3300,'Bejeweled 2 Deluxe'),(3480,'Peggle Deluxe'),(3590,'Plants vs. Zombies: Game of the Year'),(3700,'Sniper Elite'),(3710,'Judge Dredd: Dredd vs Death'),(3730,'Aliens versus Predator Classic 2000'),(3830,'Psychonauts'),(3900,'Sid Meier\'s Civilization IV'),(3910,'Sid Meier\'s Civilization III: Complete'),(3920,'Sid Meier\'s Pirates!'),(3970,'Prey'),(3990,'Sid Meier\'s Civilization IV: Warlords'),(4000,'Garry\'s Mod'),(4500,'S.T.A.L.K.E.R.: Shadow of Chernobyl'),(4540,'Titan Quest'),(4550,'Titan Quest: Immortal Throne'),(4560,'Company of Heroes - Legacy Edition'),(4570,'Warhammer 40,000: Dawn of War - Game of the Year Edition'),(4580,'Warhammer 40,000: Dawn of War - Dark Crusade'),(4700,'Total War: MEDIEVAL II - Definitive Edition'),(4760,'Rome: Total War'),(4770,'Rome: Total War - Alexander'),(4920,'Natural Selection 2'),(6000,'STAR WARS™ Republic Commando'),(6020,'STAR WARS™ Jedi Knight: Jedi Academy™'),(6030,'STAR WARS™ Jedi Knight II: Jedi Outcast™'),(6060,'Star Wars: Battlefront 2 (Classic, 2005)'),(6100,'Eets'),(6120,'Shank'),(6510,'Lost Planet: Extreme Condition'),(6800,'Commandos: Behind Enemy Lines'),(6810,'Commandos: Beyond the Call of Duty'),(6830,'Commandos 2: Men of Courage'),(6840,'Commandos 3: Destination Berlin'),(6850,'Hitman 2: Silent Assassin'),(6860,'Hitman: Blood Money'),(6870,'Battlestations: Midway'),(6880,'Just Cause'),(6900,'Hitman: Codename 47'),(6910,'Deus Ex: Game of the Year Edition'),(6920,'Deus Ex: Invisible War'),(6980,'Thief: Deadly Shadows'),(7000,'Tomb Raider: Legend'),(7010,'Project: Snowblind'),(7210,'Runaway: A Road Adventure'),(7220,'Runaway: The Dream of the Turtle'),(7510,'X-Blades'),(7520,'Two Worlds II'),(7650,'X-COM: Terror from the Deep'),(7660,'X-COM: Apocalypse'),(7670,'BioShock'),(7730,'X-COM: Interceptor'),(7760,'X-COM: UFO Defense'),(7770,'X-COM: Enforcer'),(7860,'NecroVisioN'),(7940,'Call of Duty 4: Modern Warfare'),(8000,'Tomb Raider: Anniversary'),(8080,'Kane & Lynch: Dead Men'),(8100,'Conflict: Denied Ops'),(8140,'Tomb Raider: Underworld'),(8170,'Battlestations: Pacific'),(8190,'Just Cause 2'),(8400,'Geometry Wars: Retro Evolved'),(8600,'RACE 07'),(8660,'GTR Evolution'),(8800,'Sid Meier\'s Civilization IV: Beyond the Sword'),(8850,'BioShock 2'),(8870,'BioShock Infinite'),(8880,'Freedom Force'),(8890,'Freedom Force vs. the 3rd Reich'),(8930,'Sid Meier\'s Civilization V'),(8980,'Borderlands GOTY'),(9000,'Wolfenstein 3D: Spear of Destiny'),(9010,'Return to Castle Wolfenstein'),(9030,'Quake Mission Pack 2: Dissolution of Eternity'),(9040,'Quake Mission Pack 1: Scourge of Armagon'),(9050,'DOOM 3'),(9060,'HeXen II'),(9070,'DOOM 3: Resurrection of Evil'),(9160,'Master Levels for DOOM II'),(9180,'Commander Keen Complete Pack'),(9200,'RAGE'),(9310,'Warhammer 40,000: Dawn of War - Winter Assault'),(9340,'Company of Heroes: Opposing Fronts'),(9350,'Supreme Commander'),(9420,'Supreme Commander: Forged Alliance'),(9450,'Warhammer 40,000: Dawn of War - Soulstorm'),(9460,'Frontlines: Fuel of War'),(9480,'Saints Row 2'),(9500,'Gish'),(9760,'Act of War: High Treason'),(9860,'The Chronicles of Riddick: Assault on Dark Athena'),(9930,'Test Drive Unlimited 2'),(10000,'Enemy Territory: Quake Wars'),(10090,'Call of Duty: World at War'),(10100,'King\'s Quest Collection'),(10130,'TimeShift'),(10140,'3D Ultra Minigolf Adventures Deluxe'),(10150,'Prototype'),(10170,'Wolfenstein'),(10180,'Call of Duty: Modern Warfare 2'),(10190,'Call of Duty: Modern Warfare 2 - Multiplayer'),(10220,'Postal 3'),(10430,'Universe at War: Earth Assault'),(10500,'Total War: EMPIRE - Definitive Edition'),(10680,'Aliens vs. Predator'),(11020,'TrackMania Nations Forever'),(11200,'Shadowgrounds: Survivor'),(11280,'Penguins Arena: Sedna\'s World'),(11370,'Nikopol: Secrets of the Immortals'),(11390,'Crash Time II'),(11420,'Clive Barker\'s Jericho'),(11450,'Overlord'),(11560,'Maelstrom'),(12100,'Grand Theft Auto III'),(12110,'Grand Theft Auto: Vice City'),(12120,'Grand Theft Auto: San Andreas'),(12140,'Max Payne'),(12150,'Max Payne 2: The Fall of Max Payne'),(12170,'Grand Theft Auto'),(12180,'Grand Theft Auto 2'),(12200,'Bully: Scholarship Edition'),(12210,'Grand Theft Auto IV: The Complete Edition'),(12230,'Grand Theft Auto III'),(12240,'Grand Theft Auto: Vice City'),(12250,'Grand Theft Auto: San Andreas'),(12360,'FlatOut: Ultimate Carnage'),(12710,'Overlord: Raising Hell'),(12750,'GRID'),(12810,'Overlord II'),(12830,'Operation Flashpoint: Dragon Rising'),(12840,'DiRT 2'),(12900,'Audiosurf'),(13200,'Unreal II: The Awakening'),(13210,'Unreal Tournament 3: Black Edition'),(13230,'Unreal Tournament 2004'),(13240,'Unreal Tournament: Game of the Year Edition'),(13250,'Unreal Gold'),(13500,'Prince of Persia: Warrior Within'),(13510,'Tom Clancy\'s Ghost Recon: Advanced Warfighter 2'),(13520,'Far Cry'),(13530,'Prince of Persia: The Two Thrones'),(13560,'Tom Clancy\'s Splinter Cell'),(13570,'Tom Clancy\'s Splinter Cell: Chaos Theory'),(13580,'Tom Clancy\'s Splinter Cell: Double Agent'),(13600,'Prince of Persia: The Sands of Time'),(13620,'Tom Clancy\'s Ghost Recon: Desert Siege'),(13630,'Tom Clancy\'s Ghost Recon: Island Thunder'),(13640,'Tom Clancy\'s Ghost Recon: Advanced Warfighter'),(15100,'Assassin\'s Creed'),(15120,'Tom Clancy\'s Rainbow Six: Vegas 2'),(15300,'Tom Clancy\'s Ghost Recon'),(15310,'The Settlers: Heritage of Kings'),(15330,'The Settlers: Rise of an Empire'),(15500,'The Wonderful End of the World'),(15520,'AaAaAA!!! - A Reckless Disregard for Gravity'),(15540,'1... 2... 3... KICK IT! (Drop That Beat Like an Ugly Baby)'),(15560,'AaaaaAAaaaAAAaaAAAAaAAAAA!!! for the Awesome'),(15620,'Warhammer 40,000: Dawn of War II'),(15700,'Oddworld: Abe\'s Oddysee'),(15710,'Oddworld: Abe\'s Exoddus'),(15900,'7 Wonders II'),(15930,'Luxor 3'),(15950,'Reaxxion'),(15960,'Little Farm'),(16000,'Discovery! A Seek & Find Adventure'),(16020,'Samantha Swift and the Hidden Roses of Athena'),(16030,'7 Wonders: The Treasures of Seven'),(16040,'Luxor: Quest for the Afterlife'),(16060,'Samantha Swift and the Golden Touch'),(16300,'Everyday Shooter'),(16450,'F.E.A.R. 2: Project Origin'),(16700,'Stronghold Crusader Extreme HD'),(16720,'Velvet Assassin'),(16810,'Sid Meier\'s Civilization IV: Colonization'),(17020,'Global Agenda'),(17300,'Crysis'),(17330,'Crysis Warhead'),(17340,'Crysis Wars'),(17390,'Spore'),(17410,'Mirror\'s Edge'),(17430,'Need for Speed: Undercover'),(17440,'Spore: Creepy & Cute Parts Pack'),(17450,'Dragon Age: Origins'),(17460,'Mass Effect'),(17470,'Dead Space'),(17480,'Command and Conquer: Red Alert 3'),(17520,'Synergy'),(17550,'Eternal Silence'),(17700,'Insurgency: Modern Infantry Combat'),(17710,'Nuclear Dawn'),(17730,'Smashball'),(18000,'On the Rain-Slick Precipice of Darkness, Episode One'),(18020,'On the Rain-Slick Precipice of Darkness, Episode Two'),(18110,'Shattered Horizon'),(18300,'Spectraball'),(18400,'Crazy Machines 2'),(18420,'Crazy Machines'),(18450,'Crazy Machines 1.5 New from the Lab'),(18460,'Crazy Machines 1.5 Inventors Training Camp'),(18500,'Defense Grid: The Awakening'),(18700,'And Yet It Moves'),(19200,'Tank Universal'),(19680,'Alice: Madness Returns'),(19900,'Far Cry 2'),(19930,'The Settlers: Rise of an Empire Gold Edition  '),(19980,'Prince of Persia'),(20500,'Red Faction: Guerrilla Steam Edition'),(20510,'S.T.A.L.K.E.R.: Clear Sky'),(20530,'Red Faction'),(20540,'Company of Heroes: Tales of Valor'),(20550,'Red Faction II'),(20570,'Warhammer 40,000: Dawn of War II - Chaos Rising'),(20700,'Starscape'),(20710,'Mr. Robot'),(20820,'Shatter'),(20900,'The Witcher: Enhanced Edition'),(20920,'The Witcher 2: Assassins of Kings Enhanced Edition'),(21090,'F.E.A.R.'),(21100,'F.E.A.R. 3'),(21110,'F.E.A.R.: Extraction Point'),(21120,'F.E.A.R.: Perseus Mandate'),(21670,'Bionic Commando'),(21680,'Bionic Commando Rearmed'),(21690,'Resident Evil 5'),(21760,'World in Conflict'),(21800,'Tom Clancy\'s EndWar'),(21910,'World in Conflict: Soviet Assault'),(21970,'R.U.S.E'),(22000,'World of Goo'),(22100,'Mount & Blade'),(22120,'Penumbra: Black Plague'),(22140,'Penumbra: Requiem'),(22180,'Penumbra: Overture'),(22200,'Zeno Clash'),(22310,'Rogue Warrior'),(22320,'The Elder Scrolls III: Morrowind'),(22330,'The Elder Scrolls IV: Oblivion '),(22340,'Call of Cthulhu: Dark Corners of the Earth'),(22350,'BRINK'),(22370,'Fallout 3 - Game of the Year Edition'),(22380,'Fallout: New Vegas'),(22450,'Hunted: The Demon\'s Forge'),(22600,'Worms Reloaded'),(22610,'Alien Breed: Impact'),(22650,'Alien Breed 2: Assault'),(22670,'Alien Breed 3: Descent'),(23490,'Tropico 3 - Steam Special Edition'),(23530,'Earth Defense Force: Insect Armageddon'),(24010,'Train Simulator'),(24170,'Star Wars Galaxies'),(24240,'PAYDAY: The Heist'),(24400,'King Arthur - The Role-playing Wargame'),(24420,'Aquaria'),(24460,'King Arthur - Fallen Champions'),(24470,'King Arthur: Collection'),(24480,'King Arthur II - The Role-playing Wargame'),(24500,'Dreamkiller'),(24650,'Trainz: Settle & Carlisle'),(24720,'Spore: Galactic Adventures'),(24740,'Burnout Paradise: The Ultimate Box'),(24780,'SimCity 4 Deluxe'),(24790,'Command and Conquer 3: Tiberium Wars'),(24800,'Command and Conquer: Red Alert 3 - Uprising'),(24810,'Command and Conquer 3: Kane\'s Wrath'),(24860,'Battlefield 2'),(24870,'Need for Speed: SHIFT'),(24920,'Dragon Age: Origins Character Creator'),(24960,'Battlefield: Bad Company™ 2'),(24980,'Mass Effect 2'),(25010,'Lugaru HD '),(25700,'Madballs in...Babo: Invasion'),(25800,'Europa Universalis III'),(25890,'Hearts of Iron III'),(25900,'King\'s Bounty: The Legend'),(26000,'The Maw'),(26500,'Cogs'),(26800,'Braid'),(26900,'Crayon Physics Deluxe'),(27000,'The Path'),(27330,'Blacklight: Tango Down'),(27810,'GridRunner Revolution'),(27920,'Booster Trooper'),(27940,'Dead Horde'),(28000,'Kane & Lynch 2: Dog Days'),(28050,'Deus Ex: Human Revolution'),(29120,'Yumsters! 2: Around the World!'),(29130,'Musaic Box'),(29160,'Blueberry Garden'),(29180,'Osmos'),(29720,'Guild Wars'),(31100,'Wallace & Gromit Ep 1: Fright of the Bumblebees'),(31110,'Wallace & Gromit Ep 2: The Last Resort'),(31120,'Wallace & Gromit Ep 3: Muzzled!'),(31130,'Wallace & Gromit Ep 4: The Bogey Man'),(31220,'Sam & Max 301: The Penal Zone'),(31230,'Sam & Max 302: The Tomb of Sammun-Mak'),(31240,'Sam & Max 303: They Stole Max\'s Brain!'),(31250,'Sam & Max 304: Beyond the Alley of the Dolls'),(31260,'Sam & Max 305: The City that Dares not Sleep'),(31270,'Puzzle Agent'),(31280,'Poker Night at the Inventory'),(31290,'Back to the Future: Ep 1 - It\'s About Time'),(31410,'Zombie Driver'),(32110,'Luxor Mahjong'),(32120,'Chainz 2: Relinked'),(32140,'Midnight Mysteries: The Edgar Allan Poe Conspiracy'),(32160,'Zombie Bowl-O-Rama'),(32200,'Metal Drift'),(32350,'STAR WARS™ Starfighter™'),(32370,'STAR WARS™: Knights of the Old Republic™'),(32380,'STAR WARS™ Jedi Knight: Dark Forces II'),(32390,'STAR WARS™ Jedi Knight: Mysteries of the Sith™'),(32400,'STAR WARS™: Dark Forces'),(32420,'STAR WARS™: The Clone Wars - Republic Heroes™'),(32430,'STAR WARS™: The Force Unleashed™ Ultimate Sith Edition'),(32440,'LEGO® Star Wars™: The Complete Saga'),(32470,'STAR WARS™ Empire at War: Gold Pack'),(32500,'STAR WARS™: The Force Unleashed™ II'),(32510,'LEGO® Star Wars™ III: The Clone Wars™'),(32800,'The Lord of the Rings: War in the North'),(33100,'Alien Shooter'),(33110,'Alien Shooter: Revisited'),(33120,'Alien Shooter 2: Reloaded'),(33130,'Zombie Shooter'),(33220,'Tom Clancy\'s Splinter Cell: Conviction'),(33230,'Assassin\'s Creed II'),(33320,'Prince of Persia: The Forgotten Sands'),(33390,'Zeit²'),(33440,'Driver San Francisco'),(33460,'From Dust'),(33520,'Tropico'),(33530,'Tropico 2: Pirate Cove'),(33900,'Arma 2'),(33930,'Arma 2: Operation Arrowhead'),(34010,'Alpha Protocol'),(34190,'Sonic and SEGA All Stars Racing'),(34270,'SEGA Mega Drive & Genesis Classics'),(34330,'Total War: SHOGUN 2'),(34440,'Sid Meier\'s Civilization IV'),(34450,'Sid Meier\'s Civilization IV: Warlords'),(34460,'Sid Meier\'s Civilization IV: Beyond the Sword'),(34600,'Order of War'),(34830,'Sniper: Ghost Warrior'),(34870,'Sniper Ghost Warrior 2'),(34900,'Bad Rats'),(34920,'Razor2: Hidden Skies'),(35000,'Mini Ninjas'),(35070,'Flora\'s Fruit Farm'),(35130,'Lara Croft and the Guardian of Light'),(35140,'Batman: Arkham Asylum GOTY Edition'),(35420,'Killing Floor Mod: Defence Alliance 2'),(35450,'Rising Storm/Red Orchestra 2 Multiplayer'),(35460,'The Ball'),(35480,'Dwarfs!?'),(35500,'Cities XL - Limited Edition'),(35700,'Trine'),(35720,'Trine 2'),(36000,'Foreign Legion: Buckets of Blood'),(36700,'The Scourge Project: Episode 1 and 2'),(37400,'Time Gentlemen, Please!'),(37420,'Ben There, Dan That!'),(38220,'Section 8'),(38400,'Fallout'),(38410,'Fallout 2'),(38420,'Fallout Tactics'),(38440,'Sacrifice'),(38600,'Faerie Solitaire'),(38700,'Toki Tori'),(38720,'RUSH'),(38740,'EDGE'),(38900,'Rhythm Zone'),(39000,'Moonbase Alpha'),(39140,'FINAL FANTASY VII'),(39150,'FINAL FANTASY VIII'),(39160,'Dungeon Siege III'),(39190,'Dungeon Siege'),(39200,'Dungeon Siege 2'),(39530,'Painkiller: Black Edition'),(39560,'Painkiller: Resurrection'),(39630,'AquaNox'),(39640,'AquaNox 2: Revelation'),(39670,'Chaser'),(39690,'ArcaniA'),(39800,'Nation Red'),(40100,'Supreme Commander 2'),(40300,'Risen'),(40390,'Risen 2 - Dark Waters'),(40400,'AI War: Fleet Command'),(40420,'Tidalis'),(40700,'Machinarium'),(40720,'Samorost 2'),(40800,'Super Meat Boy'),(40950,'Stronghold HD'),(40960,'Stronghold 2'),(40970,'Stronghold Crusader HD'),(40980,'Stronghold Legends'),(41000,'Serious Sam HD: The First Encounter'),(41010,'Serious Sam HD: The Second Encounter'),(41050,'Serious Sam Classic: The First Encounter'),(41060,'Serious Sam Classic: The Second Encounter'),(41070,'Serious Sam 3: BFE'),(41100,'Hammerfight'),(41210,'Eufloria'),(41300,'Altitude'),(41500,'Torchlight'),(41700,'S.T.A.L.K.E.R.: Call of Pripyat'),(41730,'Ion Assault'),(41800,'Gratuitous Space Battles'),(41900,'The Bard\'s Tale'),(42160,'War of the Roses'),(42170,'Krater'),(42500,'DogFighter'),(42640,'Blur'),(42680,'Call of Duty: Modern Warfare 3'),(42690,'Call of Duty: Modern Warfare 3 - Multiplayer'),(42700,'Call of Duty: Black Ops'),(42710,'Call of Duty: Black Ops - Multiplayer'),(42890,'Sword of the Stars Complete Collection'),(42910,'Magicka'),(42990,'Sword of the Stars II: Enhanced Edition'),(43000,'Front Mission Evolved'),(43110,'Metro 2033'),(43160,'Metro: Last Light'),(44200,'Galcon Fusion'),(44320,'DiRT 3'),(44350,'GRID 2'),(44360,'F1 2011'),(44630,'RACE 07 - Formula RaceRoom Add-On'),(45300,'Wings of Prey'),(45410,'Ignite'),(45450,'Fortix 2'),(45700,'Devil May Cry 4'),(45740,'Dead Rising 2'),(45750,'Lost Planet 2'),(45760,'Ultra Street Fighter IV'),(45770,'Dead Rising 2: Off the Record'),(46000,'Bob Came in Pieces'),(46250,'NecroVisioN: Lost Company'),(46260,'Star Wolves 3: Civil War'),(46410,'Avencast'),(46440,'Future Wars'),(46450,'Grotesque Tactics: Evil Heroes'),(46460,'Scratches: Director\'s Cut'),(46500,'Syberia'),(46510,'Syberia 2'),(46520,'Wasteland Angel'),(46540,'Trapped Dead'),(46550,'Post Mortem'),(46560,'Robin Hood'),(47400,'Stronghold 3'),(47410,'Stronghold Kingdoms'),(47700,'Command and Conquer 4: Tiberian Twilight'),(47780,'Dead Space 2'),(47790,'Medal of Honor(TM) Single Player'),(47810,'Dragon Age: Origins - Ultimate Edition'),(47830,'Medal of Honor(TM) Multiplayer'),(47870,'Need for Speed: Hot Pursuit'),(47890,'The Sims(TM) 3'),(48000,'LIMBO'),(48160,'Tom Clancy\'s H.A.W.X. 2'),(48190,'Assassin\'s Creed Brotherhood'),(48210,'The Settlers 7: Paths to a Kingdom - Gold Edition'),(48240,'Anno 2070'),(48700,'Mount & Blade: Warband'),(48720,'Mount & Blade: With Fire and Sword'),(48800,'Ship Simulator Extremes'),(48900,'Saira'),(48950,'Greed Corp'),(49330,'Pirates of Black Cove'),(49520,'Borderlands 2'),(49540,'Aliens: Colonial Marines'),(49600,'Beat Hazard'),(49900,'Plain Sight'),(50000,'Nimbus'),(50130,'Mafia II (Classic)'),(50300,'Spec Ops: The Line'),(50620,'Darksiders'),(50650,'Darksiders II'),(55040,'Atom Zombie Smasher '),(55100,'Homefront'),(55110,'Red Faction: Armageddon'),(55150,'Warhammer 40,000: Space Marine'),(55230,'Saints Row: The Third'),(56400,'Warhammer 40,000: Dawn of War II - Retribution'),(57300,'Amnesia: The Dark Descent'),(57400,'Batman: Arkham City™'),(57600,'Tropico 3: Absolute Power'),(57640,'Broken Sword 1 - Shadow of the Templars: Director\'s Cut'),(57650,'Dungeons'),(57690,'Tropico 4'),(57740,'Jagged Alliance - Back in Action'),(57900,'Duke Nukem Forever'),(58200,'Jolly Rover'),(58510,'Cities XL 2011'),(58520,'Blood Bowl: Legendary Edition'),(58540,'Divinity II - The Dragon Knight Saga'),(58560,'Runaway: A Twist of Fate'),(58610,'Wargame: European Escalation'),(60340,'LUXOR: 5th Passage '),(60350,'Glowfish'),(61000,'DCS: Black Shark'),(61010,'Digital Combat Simulator: A-10C Warthog'),(61310,'Fractal: Make Blooms Not War'),(61600,'Zen Bound® 2'),(62000,'Flight Control HD'),(63000,'HOARD'),(63380,'Sniper Elite V2'),(63500,'Swords and Soldiers HD'),(63600,'realMyst'),(63610,'Riven'),(63620,'Cosmic Osmo'),(63630,'Manhole'),(63640,'Spelunx'),(63650,'Uru: Complete Chronicles'),(63660,'Myst: Masterpiece Edition'),(63700,'BIT.TRIP BEAT'),(63710,'BIT.TRIP RUNNER'),(63910,'King\'s Bounty: Crossworlds'),(63919,'King\'s Bounty: Crossworlds Pre-order'),(64000,'Men of War: Assault Squad'),(65100,'Demolition Company'),(65270,'Demolition Company Gold'),(65300,'Dustforce'),(65560,'Painkiller: Redemption'),(65730,'Take On Helicopters'),(65740,'Carrier Command: Gaea Mission'),(65790,'Arma: Cold War Assault'),(65800,'Dungeon Defenders'),(65930,'The Bureau: XCOM Declassified'),(65980,'Sid Meier\'s Civilization: Beyond Earth'),(67000,'The Polynomial'),(67370,'The Darkness II'),(70000,'Dino D-Day'),(70100,'Hacker Evolution'),(70110,'Hacker Evolution - Untold'),(70120,'Hacker Evolution Duality'),(70300,'VVVVVV'),(70400,'Recettear: An Item Shop\'s Tale'),(70420,'Chantelise'),(70500,'Diamond Dan'),(70620,'Worms Crazy Golf'),(70900,'Star Ruler'),(71000,'Evochron Mercenary'),(71250,'Sonic Adventure DX'),(71340,'Sonic Generations'),(72000,'Closure'),(72200,'Universe Sandbox Legacy'),(72400,'Clones'),(72500,'Arcadia'),(72850,'The Elder Scrolls V: Skyrim'),(73010,'Cities in Motion'),(73020,'Majesty 2 Collection'),(78000,'Bejeweled 3'),(80310,'Gemini Rue'),(80330,'The Blackwell Legacy'),(80340,'Blackwell Unbound'),(80350,'Blackwell Convergence'),(91100,'SkyDrift'),(91200,'Anomaly Warzone Earth'),(91310,'Dead Island'),(91600,'Sanctum'),(91700,'E.Y.E: Divine Cybermancy'),(91900,'Post Apocalyptic Mayhem'),(92000,'Hydrophobia: Prophecy'),(92300,'A.R.E.S.'),(92500,'PC Gamer'),(92600,'Xotic'),(92800,'SpaceChem'),(93200,'Revenge of the Titans'),(94200,'Jamestown'),(94400,'Nidhogg'),(94500,'Back to the Future: Ep 2 - Get Tannen!'),(94510,'Back to the Future: Ep 3 - Citizen Brown'),(94520,'Back to the Future: Ep 4 - Double Visions'),(94530,'Back to the Future: Ep 5 - OUTATIME'),(94590,'Puzzle Agent 2'),(94600,'Hector: Ep 1'),(94610,'Hector: Ep 2'),(94620,'Hector: Ep 3'),(95300,'Capsized'),(95400,'ibb & obb'),(95500,'Your Doodles Are Bugged!'),(95900,'Air Conflicts - Secret Wars'),(96000,'The Tiny Bang Story'),(96200,'Steel Storm: Burning Retribution'),(96300,'Ravaged Zombie Apocalypse'),(96800,'Nexuiz'),(97000,'Solar 2'),(98100,'TRAUMA'),(98200,'Frozen Synapse'),(98300,'Toy Soldiers'),(98400,'Hard Reset'),(98500,'Naval Warfare'),(98600,'Demolition, Inc.'),(98800,'Dungeons of Dredmor'),(99300,'Renegade Ops'),(99400,'Garshasp: The Monster Slayer'),(99700,'NightSky'),(99810,'Bulletstorm'),(99830,'Crysis 2'),(99890,'Darkspore'),(99900,'Spiral Knights'),(102500,'Kingdoms of Amalur: Reckoning™'),(102600,'Orcs Must Die!'),(102810,'Gatling Gears'),(102840,'Shank 2'),(102850,'WARP'),(104000,'iBomber Defense'),(104020,'Storm in a Teacup'),(104600,'Portal 2 - The Final Hours'),(104700,'Super Monday Night Combat'),(104900,'ORION: Prelude'),(105000,'A New Beginning - Final Cut'),(105100,'Lume'),(105400,'Fable III'),(105450,'Age of Empires® III (2007)'),(105600,'Terraria'),(105800,'PixelJunk Eden'),(107100,'Bastion'),(107200,'Space Pirates and Zombies'),(107300,'Breath of Death VII '),(107310,'Cthulhu Saves the World '),(107410,'Arma 3'),(107600,'Waves'),(107800,'Rochard'),(108110,'Starpoint Gemini'),(108200,'Ticket to Ride'),(108500,'Vessel'),(108600,'Project Zomboid'),(108710,'Alan Wake'),(108800,'Crysis 2 Maximum Edition'),(111100,'Snuggle Truck'),(111400,'Bunch Of Heroes'),(111600,'Serious Sam Double D XXL'),(111800,'Blocks That Matter'),(111900,'Guardians of Middle-earth'),(112100,'Avadon: The Black Fortress'),(113020,'Monaco'),(113200,'The Binding of Isaac'),(115100,'Costume Quest'),(115110,'Stacking'),(115120,'Iron Brigade'),(115320,'PROTOTYPE 2'),(200050,'Naval War: Arctic Circle'),(200110,'Nosgoth'),(200170,'Worms Revolution'),(200210,'Realm of the Mad God Exalt'),(200260,'Batman: Arkham City GOTY'),(200350,'Starvoid'),(200390,'Oil Rush'),(200410,'SOL: Exodus'),(200510,'XCOM: Enemy Unknown'),(200550,'Dungeons - The Dark Lord'),(200710,'Torchlight II'),(200900,'Cave Story+'),(200940,'Sonic CD'),(200960,'Geneforge 1'),(200980,'Geneforge 2'),(200990,'Geneforge 3'),(201000,'Geneforge 4'),(201010,'Geneforge 5'),(201040,'Galcon Legends'),(201280,'Deus Ex: Human Revolution - The Missing Link'),(201310,'X3: Albion Prelude'),(201420,'Toki Tori 2+'),(201480,'Serious Sam: The Random Encounter'),(201570,'Really Big Sky'),(201700,'DiRT Showdown'),(201760,'Cities XL 2012'),(201790,'Orcs Must Die! 2'),(201810,'Wolfenstein: The New Order'),(201830,'Jurassic Park: The Game'),(201870,'Assassin\'s Creed Revelations'),(202070,'Choplifter HD'),(202090,'Magicka: Wizard Wars'),(202170,'Sleeping Dogs™'),(202200,'Galactic Civilizations II: Ultimate Edition'),(202270,'Leviathan: Warships'),(202310,'Ridge Racer™ Unbounded'),(202530,'SONIC THE HEDGEHOG 4 Episode I'),(202710,'Demigod'),(202730,'Dynamite Jack'),(202750,'Alan Wake\'s American Nightmare'),(202970,'Call of Duty: Black Ops II'),(202990,'Call of Duty: Black Ops II - Multiplayer'),(203140,'Hitman: Absolution'),(203160,'Tomb Raider'),(203210,'Titan Attacks'),(203250,'Star Trek'),(203290,'America\'s Army: Proving Grounds'),(203510,'Fortune Summoners: Secret of the Elemental Stone'),(203630,'Warlock - Master of the Arcane'),(203650,'SONIC THE HEDGEHOG 4 Episode II'),(203680,'F1 Race Stars'),(203730,'Q.U.B.E.'),(203770,'Crusader Kings II'),(203810,'Dear Esther'),(204030,'Fable - The Lost Chapters'),(204060,'Superbrothers: Sword & Sworcery EP'),(204080,'The Showdown Effect'),(204100,'Max Payne 3'),(204140,'All Zombies Must Die!'),(204180,'Waveform'),(204220,'Snapshot'),(204300,'Awesomenauts'),(204340,'Serious Sam 2'),(204360,'Castle Crashers'),(204440,'Pickers'),(204450,'Call of Juarez Gunslinger'),(204530,'Infested Planet'),(204560,'Confrontation'),(204630,'Retro City Rampage™ DX'),(204880,'Sins of a Solar Empire: Rebellion'),(204940,'Crusader Kings Complete'),(205100,'Dishonored'),(205190,'Rocksmith'),(205270,'3DMark 11'),(205350,'Mortal Kombat Kollection'),(205530,'Gratuitous Tank Battles'),(205650,'The Testament of Sherlock Holmes'),(205730,'Insanely Twisted Shadow Planet'),(205790,'Dota 2 Test'),(205830,'Luxor Evolved'),(205840,'Yesterday'),(205870,'Auditorium'),(205910,'Tiny and Big: Grandpa\'s Leftovers'),(205930,'Hitman: Sniper Challenge'),(206020,'Avernum 4'),(206040,'Avernum 5'),(206060,'Avernum 6'),(206190,'Gunpoint'),(206420,'Saints Row IV'),(206440,'To the Moon'),(206690,'iBomber Defense Pacific'),(206760,'Painkiller: Recurring Evil'),(206980,'War of the Roses Balance Beta'),(207000,'Alien Spidy'),(207020,'Bang Bang Racing'),(207040,'Sine Mora'),(207080,'Indie Game: The Movie'),(207140,'SpeedRunners'),(207150,'Stellar Impact'),(207170,'Legend of Grimrock'),(207250,'Cubemen'),(207420,'Wizorb'),(207430,'Hack, Slash, Loot'),(207490,'Rayman Origins'),(207570,'English Country Tune'),(207610,'The Walking Dead'),(207730,'Arena Wars 2'),(207750,'Symphony'),(207790,'Jane\'s Advanced Strike Fighters'),(207930,'Sacred Citadel'),(208090,'Loadout'),(208110,'Myst V'),(208140,'Endless Space'),(208200,'DOOM 3: BFG Edition'),(208400,'Avernum: Escape From the Pit'),(208460,'Tryst'),(208480,'Assassin\'s Creed® III'),(208500,'F1 2012'),(208580,'STAR WARS™ Knights of the Old Republic™ II: The Sith Lords™'),(208600,'Lunar Flight'),(208620,'Midnight Mysteries: Salem Witch Trials'),(208630,'Midnight Mysteries 3: Devil on the Mississippi'),(208640,'Midnight Mysteries 4: Haunted Houdini'),(208650,'Batman™: Arkham Knight'),(208670,'Blades of Time'),(208730,'Game of Thrones '),(209000,'Batman™: Arkham Origins'),(209060,'Drunken Robot Pornography'),(209080,'Guns of Icarus Online'),(209100,'Resident Evil: Operation Raccoon City'),(209120,'Street Fighter X Tekken'),(209190,'Stealth Bastard Deluxe'),(209270,'Hero Academy'),(209330,'A Valley Without Wind'),(209540,'Strike Suit Zero'),(209650,'Call of Duty: Advanced Warfare'),(209660,'Call of Duty: Advanced Warfare - Multiplayer'),(209670,'Cortex Command'),(209690,'Fieldrunners'),(209730,'RAW - Realms of Ancient War'),(209790,'Splice'),(209830,'Lone Survivor: The Director\'s Cut'),(209870,'Blacklight: Retribution'),(210170,'Spirits'),(210550,'Angry Birds Space'),(210770,'Sanctum 2'),(210970,'The Witness'),(211050,'Battle vs Chess'),(211070,'Check vs. Mate'),(211160,'Viking: Battle for Asgard'),(211180,'Unmechanical'),(211280,'Primal Fears'),(211360,'Offspring Fling!'),(211400,'Deadlight'),(211420,'DARK SOULS™: Prepare To Die Edition'),(211500,'RaceRoom Racing Experience '),(211580,'Wanderlust: Rebirth'),(211600,'Thief Gold'),(211740,'Thief 2'),(211780,'Conflict Desert Storm'),(211820,'Starbound'),(212010,'Galaxy on Fire 2™ Full HD'),(212410,'Inversion™'),(212480,'Sonic & All-Stars Racing Transformed Collection'),(212630,'Tom Clancy\'s Ghost Recon Future Soldier'),(212680,'FTL: Faster Than Light'),(212910,'Call of Duty: Black Ops II - Zombies'),(213030,'Penny Arcade\'s On the Rain-Slick Precipice of Darkness 3'),(213610,'Sonic Adventure™ 2 '),(213670,'South Park™: The Stick of Truth™'),(214100,'Rigonauts'),(214190,'Minimum'),(214250,'I Am Alive'),(214320,'Dollar Dash'),(214340,'Deponia'),(214360,'Tower Wars'),(214490,'Alien: Isolation'),(214510,'LEGO® The Lord of the Rings™'),(214550,'Eets Munchies'),(214560,'Mark of the Ninja'),(214730,'Space Rangers HD: A War Apart'),(214790,'The Basement Collection'),(214830,'Half Minute Hero: Super Mega Neo Climax Ultimate Boy'),(214870,'Painkiller Hell & Damnation'),(214910,'Air Conflicts: Pacific Carriers'),(214950,'Total War: ROME II - Emperor Edition'),(214970,'Intrusion 2'),(215280,'Secret World Legends'),(215470,'Primal Carnage'),(215530,'The Incredible Adventures of Van Helsing'),(215670,'Home'),(215710,'Fieldrunners 2'),(216110,'Tiny Troopers'),(216130,'Gemini Wars'),(216250,'Dead Island Riptide'),(216370,'Nexuiz Beta'),(216390,'Fallen Enchantress'),(216890,'Blood Bowl: Chaos Edition'),(216910,'Of Orcs And Men'),(216930,'Luxor Amun Rising HD'),(217100,'Dementium II HD'),(217140,'Rise of the Triad'),(217920,'Alien Rage - Unlimited'),(218020,'Nethergate: Resurrection'),(218060,'BIT.TRIP Presents... Runner2: Future Legend of Rhythm Alien'),(218230,'PlanetSide 2'),(218620,'PAYDAY 2'),(218640,'Lucius'),(218680,'Scribblenauts Unlimited'),(218700,'Angelica Weaver: Catch Me When You Can - Collector’s Edition'),(218740,'Pid '),(218820,'Mercenary Kings'),(218980,'Patterns'),(219150,'Hotline Miami'),(219190,'Ultratron'),(219200,'Droid Assault'),(219540,'Arma 2: Operation Arrowhead Beta (Obsolete)'),(219640,'Chivalry: Medieval Warfare'),(219680,'Proteus'),(219740,'Don\'t Starve'),(219780,'Divinity II: Developer\'s Cut'),(219830,'King Arthur\'s Gold'),(219890,'Antichamber'),(219910,'Edna & Harvey: Harvey\'s New Eyes'),(219990,'Grim Dawn'),(220050,'The Walking Dead™: Survival Instinct'),(220160,'Trials Evolution Gold Edition'),(220200,'Kerbal Space Program'),(220240,'Far Cry® 3'),(220260,'Farming Simulator 2013'),(220440,'DmC Devil May Cry'),(220660,'StarDrive'),(220700,'RPG Maker VX Ace'),(220780,'Thomas Was Alone'),(220820,'Zombie Driver HD'),(220900,'Jack Lumber'),(221020,'Towns'),(221040,'Resident Evil 6'),(221100,'DayZ'),(221180,'Eufloria HD'),(221260,'Little Inferno'),(221300,'Monopoly'),(221380,'Age of Empires II (2013)'),(221640,'Super Hexagon'),(221680,'Rocksmith® 2014 Edition - Remastered'),(221810,'The Cave'),(221910,'The Stanley Parable'),(222140,'Puddle'),(222480,'Resident Evil Revelations'),(222710,'Music Creator 6 Touch'),(222730,'Reus'),(222750,'Wargame: AirLand Battle'),(222880,'Insurgency'),(222900,'Dead Island: Epidemic'),(222940,'THE KING OF FIGHTERS XIII STEAM EDITION'),(222980,'Dead Pixels'),(223000,'7 Wonders: Ancient Alien Makeover'),(223100,'Homefront: The Revolution'),(223390,'Forge'),(223410,'Perpetuum'),(223430,'Miner Wars 2081'),(223470,'POSTAL 2'),(223490,'Blockscape'),(223510,'Miasmata'),(223630,'AirBuccaneers'),(223710,'Cry of Fear'),(223850,'3DMark'),(224220,'Pressure'),(224260,'No More Room in Hell'),(224300,'Legacy of Kain: Defiance'),(224420,'Afterfall InSanity Extended Edition'),(224440,'Folk Tale'),(224460,'Contrast'),(224500,'Gnomoria'),(224540,'Ace of Spades'),(224580,'Arma 2: DayZ Mod'),(224600,'Defiance'),(224920,'Legacy of Kain: Soul Reaver'),(224940,'Legacy of Kain: Soul Reaver 2'),(224960,'Tomb Raider I'),(224980,'Tomb Raider: The Last Revelation'),(225000,'Tomb Raider: Chronicles'),(225020,'Tomb Raider (VI): The Angel of Darkness'),(225080,'Brothers - A Tale of Two Sons'),(225140,'Duke Nukem 3D: Megaton Edition'),(225160,'Shadow Warrior Classic Redux'),(225260,'Brütal Legend'),(225280,'Full Mojo Rampage'),(225300,'Tomb Raider II'),(225320,'Tomb Raider III: Adventures of Lara Croft'),(225360,'DARK'),(225420,'Cities in Motion 2'),(225540,'Just Cause 3'),(225600,'Blade Symphony'),(225640,'Sacred 2 Gold'),(225760,'Nexuiz STUPID Mode'),(226100,'Nom Nom Galaxy'),(226120,'Weird Worlds: Return to Infinite Space'),(226560,'Escape Dead Island'),(226580,'F1 2014'),(226700,'Infestation: Survivor Stories 2020'),(226720,'Lost Planet 3'),(226840,'Age of Wonders III'),(226980,'Pinball FX2'),(227000,'Primordia'),(227080,'Papo & Yo'),(227100,'Sniper Elite: Nazi Zombie Army'),(227160,'Kinetic Void'),(227180,'Kingdom Wars'),(227200,'Waking Mars'),(227220,'Sang-Froid - Tales of Werewolves'),(227300,'Euro Truck Simulator 2'),(227320,'You Need A Budget 4 (YNAB)'),(227480,'God Mode'),(227560,'Scourge: Outbreak'),(227580,'10,000,000'),(227680,'StarForge'),(227700,'Firefall'),(227780,'Serious Sam Classics: Revolution'),(227860,'Castle Story'),(227920,'Risk'),(227940,'Heroes & Generals'),(228020,'Spacebase DF-9 Prototype'),(228200,'Company of Heroes '),(228300,'Remember Me'),(228320,'A Valley Without Wind 2'),(228360,'Full Throttle Remastered'),(228380,'Wreckfest'),(228400,'ACE COMBAT™ ASSAULT HORIZON Enhanced Edition'),(228440,'Cubemen 2'),(228760,'TrackMania² Canyon'),(228880,'Ashes of the Singularity: Classic'),(228960,'Skulls of the Shogun'),(229580,'Dream'),(229660,'Sonic and All-Stars Racing Transformed Metal Sonic DLC Pack'),(230050,'DLC Quest'),(230150,'Incredipede'),(230190,'War for the Overworld'),(230290,'Universe Sandbox'),(230410,'Warframe'),(230700,'La-Mulana'),(231140,'Cities XL Platinum'),(231160,'The Swapper'),(231200,'Kentucky Route Zero'),(231330,'Deadfall Adventures'),(231430,'Company of Heroes 2'),(231720,'Bad Hotel'),(232090,'Killing Floor 2'),(232150,'Killing Floor 2 - SDK'),(232450,'SolForge'),(232750,'Mars: War Logs'),(232790,'Broken Age'),(232890,'Stronghold Crusader 2'),(232950,'Bridge Project'),(232970,'Thunder Wolves'),(233130,'Shadow Warrior'),(233150,'LUFTRAUSERS'),(233190,'Final Exam'),(233210,'Air Conflicts: Vietnam'),(233250,'Planetary Annihilation'),(233270,'Far Cry® 3 Blood Dragon'),(233290,'MURDERED: SOUL SUSPECT™'),(233450,'Prison Architect'),(233470,'Evoland'),(233550,'Another World'),(233720,'Surgeon Simulator'),(233740,'Organ Trail: Director\'s Cut'),(233860,'Kenshi'),(234080,'Castlevania: Lords of Shadow - Ultimate Edition'),(234140,'Mad Max'),(234160,'Strike Suit Infinity'),(234190,'Receiver'),(234270,'Ken Follett\'s The Pillars of the Earth'),(234350,'Luxor 2 HD'),(234370,'Shattered Haven'),(234390,'Teleglitch: Die More Edition'),(234650,'Shadowrun Returns'),(234710,'Poker Night 2'),(234740,'Tower Wars Editor'),(234900,'Anodyne'),(234940,'The 39 Steps'),(235210,'Strider'),(235360,'Prime World: Defenders'),(235460,'METAL GEAR RISING: REVENGEANCE'),(235540,'Warhammer: End Times - Vermintide'),(235600,'Tom Clancy\'s Splinter Cell Blacklist'),(235620,'Small World'),(235820,'Element4l'),(235900,'RPG Maker XP'),(236150,'Starpoint Gemini 2'),(236370,'Interstellar Marines'),(236390,'War Thunder'),(236450,'PAC-MAN Championship Edition DX+'),(236510,'Takedown: Red Sabre'),(236730,'Anomaly 2'),(236830,'Red Orchestra 2: Heroes of Stalingrad - Single Player'),(236870,'HITMAN™'),(236970,'Jack Keane 2 - The Fire Within'),(237110,'Mortal Kombat Komplete Edition'),(237370,'PlayClaw 5'),(237470,'Battle Worlds: Kronos'),(237530,'Toki Tori 2+ Level Editor'),(237570,'Penny Arcade\'s On the Rain-Slick Precipice of Darkness 4'),(237760,'Intake'),(237870,'Planet Explorers'),(237930,'Transistor'),(238010,'Deus Ex: Human Revolution - Director\'s Cut'),(238050,'The Apogee Throwback Pack'),(238090,'Sniper Elite 3'),(238210,'System Shock 2'),(238240,'Edge of Space'),(238280,'Legend of Dungeon'),(238320,'Outlast'),(238370,'Magicka 2'),(238430,'Contagion'),(238460,'BattleBlock Theater'),(238870,'Citadels'),(238890,'Skyward Collapse'),(238910,'Bionic Dues'),(238960,'Path of Exile'),(239070,'Hammerwatch'),(239140,'Dying Light'),(239160,'Thief'),(239200,'Amnesia: A Machine for Pigs'),(239250,'Castlevania: Lords of Shadow 2'),(239350,'Spelunky'),(239430,'Q.U.B.E: Director\'s Cut'),(239450,'Gun Monkeys'),(239820,'Game Dev Tycoon'),(240160,'Duke Nukem'),(240180,'Duke Nukem 2'),(240200,'Duke Nukem: Manhattan Project'),(240620,'Wanderlust Adventures'),(240720,'Getting Over It with Bennett Foddy'),(240760,'Wasteland 2'),(241240,'Contraption Maker'),(241320,'Ittle Dew'),(241410,'CastleStorm'),(241540,'State of Decay'),(241600,'Rogue Legacy'),(241720,'Guncraft'),(241930,'Middle-earth™: Shadow of Mordor™'),(242050,'Assassin\'s Creed IV Black Flag'),(242110,'Joe Danger 2: The Movie'),(242640,'Styx: Master of Shadows'),(242680,'Nuclear Throne'),(242760,'The Forest'),(242800,'Day One: Garry\'s Incident'),(242820,'140'),(242860,'Verdun'),(242880,'Sir, You Are Being Hunted'),(242920,'Banished'),(242940,'Anachronox'),(242960,'Blood Omen 2: Legacy of Kain'),(242980,'Daikatana'),(243000,'Omikron - The Nomad Soul'),(243020,'Pandemonium'),(243040,'Startopia'),(243060,'Urban Chaos'),(243120,'Betrayer'),(243200,'Memoria'),(243320,'Rekoil'),(243470,'Watch_Dogs'),(243870,'Tom Clancy\'s Ghost Recon Phantoms - NA'),(243930,'Bound By Flame'),(244030,'Take On Mars'),(244070,'Sid Meier\'s Ace Patrol'),(244090,'Sid Meier\'s Ace Patrol: Pacific Skies'),(244160,'Homeworld Remastered Collection'),(244430,'realMyst: Masterpiece Edition'),(244630,'NEOTOKYO°'),(244770,'StarMade'),(244850,'Space Engineers'),(245010,'Deathtrap Dungeon'),(245280,'ENSLAVED™: Odyssey to the West™ Premium Edition'),(245370,'Etherium'),(245470,'Democracy 3'),(245490,'Trials Fusion'),(245620,'Tropico 5'),(245730,'Flashback'),(246070,'Hack \'n\' Slash'),(246090,'Spacebase DF-9'),(246110,'MASSIVE CHALICE'),(246420,'Kingdom Rush'),(246620,'Plague Inc: Evolved'),(246700,'Strike Vector'),(246740,'Huntsman - The Orphanage Halloween Edition'),(246760,'Legends of Eisenwald'),(246900,'Viscera Cleanup Detail'),(247000,'Talisman: Digital Edition'),(247020,'Cook, Serve, Delicious!'),(247240,'Volgarr the Viking'),(247430,'Hitman: Contracts'),(247660,'Deadly Premonition: The Director\'s Cut'),(247730,'Nether'),(247830,'Aerena'),(247910,'Sniper Elite: Nazi Zombie Army 2'),(248190,'Knytt Underground'),(248390,'Craft The World'),(248610,'Door Kickers'),(248650,'Draw a Stickman: EPIC'),(248710,'Iesabel'),(248820,'Risk of Rain'),(249050,'Dungeon of the Endless™ - Crystal Edition'),(249190,'Ancient Space'),(249590,'Teslagrad'),(249630,'Delver'),(249650,'Blackguards'),(249990,'FORCED'),(250180,'METAL SLUG 3'),(250400,'How to Survive'),(250420,'8BitMMO'),(250460,'Bridge Constructor'),(250560,'Fight The Dragon'),(250620,'Among the Sleep'),(250720,'Starlight Inception'),(250760,'Shovel Knight: Treasure Trove'),(250820,'SteamVR'),(251060,'Wargame: Red Dragon'),(251130,'Chroma Squad'),(251430,'The Inner World'),(251530,'Anomaly Korea'),(251570,'7 Days to Die'),(251710,'Chainsaw Warrior'),(251730,'Legend of Grimrock 2'),(252050,'Construction Machines 2014'),(252070,'Gimbal'),(252130,'Divide by Sheep'),(252250,'Maia'),(252310,'Syder Arcade'),(252330,'Slender: The Arrival'),(252410,'SteamWorld Dig'),(252450,'StarDrive 2'),(252470,'Space Pirates and Zombies 2'),(252490,'Rust'),(252870,'PULSAR: Lost Colony'),(252950,'Rocket League'),(253030,'Race The Sun'),(253150,'Halfway'),(253230,'A Hat in Time'),(253370,'Axis Game Factory\'s AGFPRO 3.0'),(253410,'Ravensword: Shadowlands'),(253430,'CastleMiner Z'),(253510,'Warmachine Tactics'),(253650,'Sparkle 2 Evo'),(253750,'Ikaruga'),(253880,'Earth 2150 Trilogy'),(253980,'Enclave'),(254000,'East India Company Gold'),(254200,'FortressCraft Evolved'),(254320,'Duskers'),(254440,'Pool Nation'),(254700,'Resident Evil 4'),(255220,'GRID Autosport'),(255300,'Journey of a Roach'),(255340,'Escape Goat 2'),(255370,'KickBeat Steam Edition'),(255420,'Magic 2015'),(255500,'Entropy'),(255520,'Viscera Cleanup Detail: Shadow Warrior'),(255710,'Cities: Skylines'),(256290,'Child of Light'),(257050,'Darkout'),(257120,'Not The Robots'),(257170,'Rebuild 3: Gangs of Deadsville'),(257510,'The Talos Principle'),(258010,'Ring Runner: Flight of the Sages'),(258050,'Survivor Squad'),(258180,'Deus Ex: The Fall'),(258200,'Talisman: Prologue'),(258220,'Blood Knights'),(258520,'The Vanishing of Ethan Carter'),(258970,'Gauntlet™ '),(259080,'Just Cause 2: Multiplayer Mod'),(259130,'Wasteland 1 - The Original Classic'),(259280,'Earth 2150: The Moon Project'),(259300,'Earth 2150: Lost Souls'),(259390,'Ballpoint Universe: Infinite'),(259530,'Savant - Ascent'),(259570,'Eden Star'),(259660,'Void Destroyer'),(259680,'Tales of Maj\'Eyal'),(259740,'Nightmares from the Deep: The Cursed Heart'),(259760,'Two Brothers'),(260160,'The Last Tinker: City of Colors'),(260270,'Shadows: Price For Our Sins'),(260330,'Flockers'),(261030,'The Walking Dead: Season Two'),(261110,'Killer is Dead'),(261510,'Tesla Effect'),(261530,'Lifeless Planet'),(261550,'Mount & Blade II: Bannerlord'),(261570,'Ori and the Blind Forest'),(261640,'Borderlands: The Pre-Sequel'),(261760,'Lichdom: Battlemage'),(262120,'Toy Soldiers: Complete'),(262260,'Jets\'n\'Guns Gold'),(262280,'Dungeons 2'),(262390,'Cloudbuilt'),(262750,'GoD Factory: Wingmen'),(263060,'Blockstorm'),(263280,'Spintires®'),(263760,'Turbo Dismount'),(264060,'Full Bore'),(264080,'Vangers'),(264140,'Pixel Piracy'),(264200,'One Finger Death Punch'),(264280,'99 Levels To Hell'),(264540,'Platformines'),(264710,'Subnautica'),(264730,'Deadly 30'),(265120,'Meridian: New World'),(265210,'Viscera Cleanup Detail: Santa\'s Rampage'),(265240,'Crazy Machines: Golden Gears'),(265330,'Gomo'),(265550,'Dead Rising 3'),(265590,'The Red Solstice'),(265690,'NaissanceE'),(265930,'Goat Simulator'),(265950,'Ether One'),(265990,'Rogue\'s Tale'),(266010,'LYNE'),(266110,'Tower of Guns'),(266130,'Breach & Clear'),(266190,'Astral Terra'),(266210,'One Way Heroics'),(266250,'Procyon'),(266290,'Helicopter Simulator 2014: Search and Rescue'),(266310,'GameGuru'),(267060,'Gravity Badgers'),(267340,'Beware Planet Earth'),(267490,'Batman™: Arkham Origins Blackgate - Deluxe Edition'),(267920,'Gun Metal'),(267960,'Hyper Fighters'),(268050,'The Evil Within'),(268220,'Meltdown'),(268500,'XCOM 2'),(268650,'From The Depths'),(268750,'Magicite'),(268870,'Satellite Reign'),(268910,'Cuphead'),(269210,'Hero Siege'),(269330,'Chronology'),(269670,'BADLAND: Game of the Year Edition'),(269890,'AR-K'),(270050,'Quest of Dungeons'),(270150,'RUNNING WITH RIFLES'),(270370,'Lambda Wars Beta'),(270510,'EPOCH'),(270850,'Car Mechanic Simulator 2014'),(270880,'American Truck Simulator'),(271240,'Offworld Trading Company'),(271290,'HAWKEN'),(271590,'Grand Theft Auto V'),(271820,'Card City Nights'),(272010,'Aveyond 3-1: Lord of Twilight'),(272270,'Torment: Tides of Numenera'),(272470,'The Incredible Adventures of Van Helsing II'),(272860,'Wreckfest Throw-A-Santa + Sneak Peek 2.0'),(273110,'Counter-Strike Nexon: Studio'),(273350,'Evolve Stage 2'),(273570,'Descent'),(273600,'Descent: Freespace - The Great War'),(273820,'Mining & Tunneling Simulator'),(273940,'Warehouse and Logistics Simulator'),(274190,'Broforce'),(274310,'Always Sometimes Monsters'),(274480,'Drox Operative'),(274560,'Revolution Ace'),(274900,'Murder Miners'),(274920,'FaceRig'),(274940,'Depth'),(275390,'Guacamelee! Super Turbo Championship Edition'),(275490,'Canyon Capers'),(275670,'Space Run'),(275810,'7 Wonders of the Ancient World'),(275830,'7 Wonders: Magical Mystery Tour'),(275850,'No Man\'s Sky'),(277490,'Battle Group 2'),(277700,'On Rusty Trails'),(277930,'TUG'),(278360,'A Story About My Uncle'),(278460,'Skyborn'),(278490,'Aveyond 3-2: Gates of Night'),(278570,'Labyrinthine Dreams'),(278910,'Interplanetary'),(278930,'Gigantic Army'),(279420,'Gardens Inc. – From Rakes to Riches'),(279800,'Grim Legends 2: Song of the Dark Swan'),(279990,'Bridge Constructor Playground'),(280040,'A Wizard\'s Lizard'),(280160,'Aragami'),(280360,'Interstellaria'),(280520,'Crea'),(280640,'Dark Shadows - Army of Evil'),(280740,'Aperture Tag: The Paint Gun Testing Initiative'),(280790,'Creativerse'),(281060,'Reversion - The Meeting'),(281390,'O.R.B.'),(281610,'Homeworld: Deserts of Kharak'),(281750,'Munin'),(281990,'Stellaris'),(282070,'This War of Mine'),(282140,'SOMA'),(282210,'Sid Meier\'s Starships'),(282530,'Castlevania: Lords of Shadow – Mirror of Fate HD'),(283290,'Nosferatu: The Wrath of Malachi'),(283350,'Eurofighter Typhoon'),(283430,'Litil Divil'),(284160,'BeamNG.drive'),(284290,'Farm Machines Championships 2014'),(284460,'DeadCore'),(284790,'Nightmares from the Deep 2: The Siren`s Call'),(284810,'Nightmares from the Deep 3: Davy Jones'),(284850,'Grim Legends: The Forsaken Bride'),(284970,'Project Root'),(285160,'LEGO® The Hobbit™'),(285190,'Warhammer 40,000: Dawn of War III'),(285230,'Mnemonic Prototype'),(285250,'Dear Leader Prototype'),(285270,'Steed Prototype'),(285290,'Little Pink Best Buds Prototype'),(285420,'Deadly Sin 2'),(285440,'Crimzon Clover  WORLD IGNITION'),(285840,'Enemy Mind'),(285900,'Gang Beasts'),(285920,'TerraTech'),(286040,'Dead Effect'),(286080,'Thinking with Time Machine'),(286160,'Tabletop Simulator'),(286340,'FarSky'),(286570,'F1 2015'),(286690,'Metro 2033 Redux'),(287100,'Chaos Domain'),(287120,'Ionball 2 : Ionstorm'),(287140,'Selfie: Sisters of the Amniotic Lens'),(287200,'Wildlife Park 3'),(287260,'Toybox Turbos'),(287290,'Resident Evil Revelations 2'),(287390,'Metro: Last Light Redux'),(287450,'Rise of Nations: Extended Edition'),(287700,'METAL GEAR SOLID V: THE PHANTOM PAIN'),(287720,'Nostradamus: The Last Prophecy'),(287980,'Mini Metro'),(288370,'Strike Suit Zero: Director\'s Cut'),(288470,'Fable Anniversary'),(288710,'Demolition Master 3D'),(289070,'Sid Meier\'s Civilization VI'),(289130,'Endless Legend™ - Emperor Edition'),(289650,'Assassin\'s Creed Unity'),(289690,'Lara Croft and the Temple of Osiris'),(290040,'Retro Game Crunch'),(290080,'Life is Feudal: Your Own'),(290300,'Rebel Galaxy'),(290460,'Legionwood 2: Rise of the Eternal\'s Realm'),(290510,'GNOG'),(290770,'The Fall'),(290790,'Grey Goo'),(291650,'Pillars of Eternity'),(292030,'The Witcher 3: Wild Hunt'),(292180,'X-Plane 10 Global - 64 Bit'),(292230,'Game Character Hub'),(292570,'Chompy Chomp Chomp'),(292640,'Flockers Editor'),(292730,'Call of Duty: Infinite Warfare'),(292910,'Deponia: The Complete Journey'),(293260,'Card Hunter'),(293520,'Carnivores: Dinosaur Hunter Reborn'),(293840,'Cult of the Wind'),(294020,'Merchants of Kaidan'),(294100,'RimWorld'),(294860,'Valkyria Chronicles™'),(295110,'Just Survive'),(296490,'GemCraft - Chasing Shadows'),(296570,'Lords of Xulima'),(296710,'Monstrum '),(296730,'Viktor'),(296870,'Dreaming Sarah'),(296910,'8BitBoy'),(296970,'Renowned Explorers: International Society'),(297920,'Space Colony'),(298030,'Total Annihilation'),(298110,'Far Cry 4'),(298600,'Lovely Planet'),(298630,'The Escapists'),(299340,'Habitat'),(299360,'Block N Load'),(299740,'Miscreated'),(299860,'Beasts of Prey'),(300060,'ADR1FT'),(300540,'Sweet Lily Dreams'),(300550,'Shadowrun: Dragonfall - Director\'s Cut'),(300570,'Infinifactory'),(300610,'Pure Pool'),(301120,'Eastside Hockey Manager'),(301260,'Gardens Inc. 2: The Road to Fame'),(301520,'Robocraft'),(301640,'Zombie Army Trilogy'),(301860,'Submerged'),(301910,'Saints Row: Gat out of Hell'),(302160,'The Egyptian Prophecy: The Fate of Ramses'),(302510,'Ryse: Son of Rome'),(302590,'Of Guards And Thieves'),(303210,'The Beginner\'s Guide'),(303790,'Faery - Legends of Avalon'),(304390,'For Honor'),(304930,'Unturned'),(305280,'Cakewalk Loop Manager'),(305620,'The Long Dark'),(305740,'Pitiri 1977'),(306130,'The Elder Scrolls Online'),(306410,'Crystals of Time'),(306760,'Obduction'),(306830,'Zombies Monsters Robots'),(307070,'Memories of a Vagabond'),(307690,'Sleeping Dogs: Definitive Edition'),(307780,'Mortal Kombat X'),(307880,'Savage Lands'),(308040,'Back to Bed'),(308420,'Ziggurat'),(308600,'Geneshift'),(310380,'Fractured Space'),(310530,'Darwin\'s Dinner Prototype'),(310560,'DiRT Rally'),(310890,'Breach & Clear: Deadline Rebirth (2016)'),(311210,'Call of Duty: Black Ops III'),(311340,'METAL GEAR SOLID V: GROUND ZEROES'),(311560,'Assassin\'s Creed Rogue'),(311690,'Enter the Gungeon'),(311860,'Data Hacker: Initiation'),(312510,'Mega Coin Squad'),(312610,'METAL SLUG X'),(312670,'Strange Brigade'),(312960,'Starion Tactics'),(313010,'Cities XXL'),(313120,'Stranded Deep'),(313160,'Farming Simulator 15'),(313340,'Mountain'),(313630,'The Solus Project'),(314160,'Microsoft Flight Simulator X: Steam Edition'),(314410,'Rampage Knights'),(314450,'Saviors'),(314540,'Paper Monsters Recut'),(314710,'Mighty No. 9'),(314810,'Randal\'s Monday'),(314830,'Blackguards 2'),(315260,'Space Hack'),(315460,'Dig or Die'),(316010,'Magic Duels'),(316790,'Grim Fandango Remastered'),(317040,'Strife: Veteran Edition'),(317280,'Solstice'),(317400,'Portal Stories: Mel'),(317820,'Guild of Dungeoneering'),(318020,'Act of Aggression'),(318600,'The Flame in the Flood'),(319140,'Xeodrifter™'),(319450,'Chariot'),(319630,'Life is Strange™'),(319910,'Trine 3: The Artifacts of Power'),(320140,'Absolute Drift'),(320300,'Car Mechanic Simulator 2015'),(320340,'Cosmonautica'),(321040,'DiRT 3 Complete Edition'),(321260,'Wickland'),(321360,'Primal Carnage: Extinction'),(322330,'Don\'t Starve Together'),(322500,'SUPERHOT'),(322550,'Standpoint'),(322850,'Pro Cycling Manager 2015'),(322920,'theHunter: Primal'),(323190,'Frostpunk'),(323370,'TERA'),(323380,'The Magic Circle'),(323720,'Decay - The Mare'),(323850,'Move or Die'),(324080,'Rising World'),(324260,'VoidExpanse'),(324800,'Shadow Warrior 2'),(324810,'TOXIKK'),(325090,'Deep Dungeons of Doom'),(325180,'AppGameKit Classic'),(325370,'Nova-111'),(325420,'Homebrew - Patent Unknown'),(325610,'Total War: ATTILA'),(326120,'Horizon Shift'),(326460,'ShellShock Live'),(326520,'Chime Sharp'),(326730,'Whisper of a Rose'),(327090,'Out of Reach'),(327220,'Anna\'s Quest'),(327890,'I am Bread'),(328070,'Reflex Arena'),(329000,'Data Hacker: Corruption'),(329070,'SpyParty'),(329130,'Reassembly'),(329440,'Sonic Lost World'),(330020,'Children of Morta'),(330100,'BossConstructor'),(330820,'2064: Read Only Memories'),(330830,'Tales from the Borderlands'),(330840,'Game of Thrones - A Telltale Games Series'),(331181,'Hero Siege - Avenger Paladin (Class + Skin)'),(331190,'Master Spy'),(331440,'bit Dungeon II'),(331670,'The Jackbox Party Pack'),(331870,'AER Memories of Old'),(332200,'Axiom Verge'),(332360,'Spriter Pro'),(332500,'GRAV'),(332810,'Midnight Mysteries: Witches of Abraham - Collector\'s Edition'),(333330,'Song of the Myrne: What Lies Beneath'),(333600,'NEKOPARA Vol. 1'),(333930,'Dirty Bomb'),(333950,'Medieval Engineers'),(334230,'Town of Salem'),(334470,'Adventures of Robinson Crusoe'),(334480,'Robinson Crusoe and the Cursed Pirates'),(334490,'The Fool'),(335100,'Dwarf Tower'),(335300,'DARK SOULS™ II: Scholar of the First Sin'),(335840,'Goats on a Bridge'),(337000,'Deus Ex: Mankind Divided™'),(337320,'Paint the Town Red'),(337340,'Finding Paradise'),(337850,'Avernum 2: Crystal Souls'),(337960,'ClusterPuck 99'),(339190,'Dead Synchronicity: Tomorrow Comes Today'),(339230,'ZOMBI'),(340000,'Headlander'),(340050,'Survivalist'),(340490,'Subterrain'),(340750,'Gunslugs 2'),(341000,'Mad Games Tycoon'),(341390,'Vulture for NetHack'),(341730,'Dustoff Heli Rescue'),(341800,'Keep Talking and Nobody Explodes'),(341940,'Hatred'),(342020,'BiT Evolution'),(342550,'Phantasmal'),(342640,'Pixel Privateers'),(343100,'Overture'),(343280,'Zotrix'),(344760,'Reign Of Kings'),(344850,'Big Pharma'),(344880,'In Exilium'),(345090,'Ancient Planet'),(345130,'Dark Matter'),(345820,'Shantae and the Pirate\'s Curse'),(345860,'Super Galaxy Squadron EX Turbo'),(346010,'Besiege'),(346110,'ARK: Survival Evolved'),(347160,'Steredenn'),(348250,'Google Earth VR'),(349110,'Medieval Engineers - Mod SDK'),(349700,'Aftermath'),(350070,'Environmental Station Alpha'),(350080,'Wolfenstein: The Old Blood '),(350280,'LawBreakers'),(350780,'MANOS'),(350970,'Planet of the Eyes'),(351250,'Avalanche 2: Super Avalanche'),(351290,'SURVIVAL: Postapocalypse Now'),(351860,'Cultures - Northland'),(351870,'Cultures - 8th Wonder of the World'),(351920,'Crazy Machines 3'),(352190,'Spirit Of War'),(352280,'Cakewalk Sound Center'),(352430,'Farlight Explorers'),(352460,'Dead Realm'),(352720,'The Universim'),(352950,'Better Late Than DEAD'),(353560,'Plug & Play'),(353630,'Oil Enterprise'),(353640,'Train Valley'),(354180,'Bunker - The Underground Game'),(354430,'STAR WARS™: X-Wing Special Edition'),(355250,'STAR WARS™: TIE Fighter Special Edition'),(355350,'Reign of Bullets'),(355530,'Last Word'),(355790,'Styx: Shards of Darkness'),(355800,'Space Run Galaxy'),(356040,'Sheltered'),(356190,'Middle-earth™: Shadow of War™'),(356500,'STAR WARS™ Galactic Battlegrounds Saga'),(356570,'Party Hard'),(356640,'Metro Conflict'),(357340,'Cobalt'),(357780,'Defend Your Life'),(358170,'Arctic Adventure'),(358180,'Bio Menace'),(358190,'Blake Stone: Aliens of Gold'),(358200,'Math Rescue'),(358210,'Monster Bash'),(358220,'Mystic Towers'),(358230,'Paganitzu'),(358240,'Monuments of Mars'),(358250,'Cosmo\'s Cosmic Adventure'),(358260,'Crystal Caves'),(358270,'Death Rally (Classic)'),(358280,'Alien Carnage / Halloween Harry'),(358290,'Hocus Pocus'),(358300,'Major Stryker'),(358310,'Blake Stone: Planet Strike'),(358320,'Realms of Chaos'),(358330,'Pharaoh\'s Tomb'),(358340,'Word Rescue'),(358350,'Secret Agent'),(358360,'Raptor: Call of the Shadows (1994 Classic Edition)'),(358370,'Terminal Velocity'),(358380,'Wacky Wheels'),(358390,'Stargunner'),(358400,'Shadow Warrior (Classic)'),(358410,'Rise of the Triad: Dark War'),(358420,'Xenophage'),(358430,'Balls of Steel'),(358440,'Dark Ages'),(358960,'Canabalt'),(359050,'Shower With Your Dad Simulator 2015: Do You Still Shower With Your Dad'),(359100,'Q.U.B.E. 2'),(359320,'Elite Dangerous'),(359550,'Tom Clancy\'s Rainbow Six Siege'),(359580,'Uncanny Valley'),(359850,'Duke Nukem 3D'),(359900,'The Incredible Adventures of Van Helsing III'),(360010,'Remnants of Isolation'),(360150,'How To Survive Third Person'),(360170,'How to Survive 2'),(360830,'Yooka-Laylee'),(361020,'Luxor HD'),(361280,'Turmoil'),(361420,'ASTRONEER'),(361670,'STAR WARS™: X-Wing Alliance™'),(361690,'STAR WARS™ X-Wing vs TIE Fighter: Balance of Power Campaigns™'),(362300,'Just Survive Test Server'),(362870,'RPG Maker 2003'),(362890,'Black Mesa'),(363360,'Interstellar Rift'),(363440,'Mega Man Legacy Collection'),(363670,'Seeders'),(364300,'Space Rogue'),(364360,'Total War: WARHAMMER'),(364640,'FreeCell Quest'),(364710,'Wonky Pigeon!'),(365160,'Kona'),(365260,'Crash Dive'),(365450,'Hacknet'),(365590,'Tom Clancy\'s The Division'),(365670,'Blender'),(365810,'Flying Tigers: Shadows Over China'),(366090,'Colony Survival'),(366220,'Wurm Unlimited'),(366250,'METAL SLUG'),(366640,'Shiness: The Lightning Kingdom'),(366844,'Call of Duty: Black Ops III - Awakening DLC Pack'),(366910,'The Long Journey Home'),(367270,'Angels Fall First'),(367450,'Poly Bridge'),(367520,'Hollow Knight'),(367540,'Starbound - Unstable'),(367690,'Spintires® - Editor'),(368230,'Kingdom: Classic'),(368340,'CrossCode'),(368370,'Her Story'),(368390,'The Darkside Detective'),(368420,'Mirage: Arcane Warfare'),(368450,'Rememoried'),(368500,'Assassin\'s Creed Syndicate'),(368730,'No Time To Explain Remastered'),(369070,'Slain: Back from Hell'),(369990,'Gremlins, Inc.'),(370130,'Lion Quest'),(370360,'TIS-100'),(371140,'Aegis Defenders'),(371180,'Super 3-D Noah\'s Ark'),(371520,'Bounty Train'),(371660,'Far Cry Primal'),(373360,'Cast of the Seven Godsends - Redux'),(373730,'Way of Gold and Steel'),(373930,'Sudden Strike 4'),(374040,'Portal Knights'),(374320,'DARK SOULS™ III'),(375550,'DungeonRift'),(375930,'Trap Them'),(377140,'Hide & Hold Out - H2o'),(377160,'Fallout 4'),(378540,'The Surge'),(378860,'Project CARS 2'),(379290,'Sumo Revise'),(379430,'Kingdom Come: Deliverance'),(379720,'DOOM'),(381210,'Dead by Daylight'),(381320,'Bezier'),(381780,'80 Days'),(382050,'Eon Altar'),(382140,'SKYHILL'),(382310,'Eco'),(383120,'Empyrion - Galactic Survival'),(383150,'Dead Island Definitive Edition'),(383590,'Expert Rifleman - Reloaded'),(383840,'Nimbatus - The Space Drone Constructor'),(383870,'Firewatch'),(384110,'Pathologic Classic HD'),(384150,'TeraBlaster'),(384180,'Prominence Poker'),(384190,'ABZÛ'),(384550,'Painters Guild'),(384570,'ZanZarah: The Hidden Portal'),(384590,'Polychromatic'),(384740,'CAT Interstellar'),(385380,'Planet Centauri'),(385560,'Shadow Complex Remastered'),(385680,'Galactic Conquerors'),(385710,'INK'),(385800,'NEKOPARA Vol. 0'),(386050,'Proto Raider'),(386070,'Planetary Annihilation: TITANS'),(386160,'Vampire of the Sands'),(386360,'SMITE'),(386590,'Novus Inceptio'),(386620,'Cook, Serve, Delicious! 2!!'),(386880,'Rake'),(386940,'Ultimate Chicken Horse'),(387060,'Earth Overclocked'),(387290,'Ori and the Blind Forest: Definitive Edition'),(387990,'Scrap Mechanic'),(388060,'The Escapists: The Walking Dead'),(388210,'Day of the Tentacle Remastered'),(388410,'Darksiders II Deathinitive Edition'),(388880,'Oxenfree'),(390340,'Umbrella Corps'),(390710,'Acceleration of SUGURI 2'),(391040,'F1 2016'),(391170,'Void Invaders'),(391220,'Rise of the Tomb Raider'),(391540,'Undertale'),(391720,'Layers of Fear'),(391920,'Ether One Redux'),(392110,'Endless Space® 2 - Digital Deluxe Edition'),(392410,'ToyOdyssey'),(393080,'Call of Duty: Modern Warfare Remastered'),(393100,'Call of Duty: Modern Warfare Remastered - Multiplayer'),(393380,'Squad'),(393420,'Hurtworld'),(394280,'Dark Heritage: Guardians of Hope'),(394310,'Punch Club'),(394360,'Hearts of Iron IV'),(394510,'HELLDIVERS™'),(394600,'Mighty Gunvolt'),(394760,'Dead Effect 2'),(396160,'Secret Of Magia'),(396750,'EVERSPACE™'),(397080,'Magicka 2: Spell Balance Beta'),(397150,'Stellar Overload'),(397340,'SimplePlanes'),(397460,'The Jackbox Party Pack 2'),(397540,'Borderlands 3'),(397950,'Clustertruck'),(398170,'Evochron Legacy'),(399890,'The Secret Order 2: Masked Intent'),(400020,'Atari Vault'),(400170,'The Incredible Adventures of Van Helsing: Final Cut'),(400430,'The Vanishing of Ethan Carter Redux'),(400450,'NeuroVoider'),(401810,'Poi'),(402180,'Sakura Swim Club'),(402590,'Double Fine Adventure'),(402591,'Double Fine Adventure: Ep02 - A Promise of Infinite Possibility'),(402592,'Double Fine Adventure: Ep03 - Codename: Reds'),(402593,'Double Fine Adventure: Ep04 - Walking Around In Our Drawings'),(402594,'Double Fine Adventure: Ep05 - It’s Gonna Get Hairy'),(402595,'Double Fine Adventure: Ep06 - That Bagel Filter Thing'),(402596,'Double Fine Adventure: Ep07 - We\'ll Handle It'),(402597,'Double Fine Adventure: Ep08 - Adventure Games Are Not Dead'),(402598,'Double Fine Adventure: Ep09 - Broken Age'),(402599,'Double Fine Adventure: EP10 - Part One of Something Great'),(402600,'Double Fine Adventure: EP11 - Ship It'),(402601,'Double Fine Adventure: EP12 - A Whole Different Game Experience'),(402602,'Double Fine Adventure: Ep13 - Crash Landing a Plane'),(402603,'Double Fine Adventure: EP14 - I Think This is a Winner'),(402604,'Double Fine Adventure: Ep15 - Evergreen Games'),(402605,'Double Fine Adventure: Ep16 - This Time it\'s Just for Love'),(402606,'Double Fine Adventure: Ep17 - Deadline for Tim'),(402607,'Double Fine Adventure: Ep18 - Constipation and Defcon 4'),(402608,'Double Fine Adventure: EP19 - Last Call'),(402609,'Double Fine Adventure: Ep20 - We Did Our Job'),(402710,'Osiris: New Dawn'),(402750,'Giant Machines 2017'),(403190,'Planetbase'),(403640,'Dishonored 2'),(403970,'The Dwarves'),(404540,'Nex Machina'),(404730,'Wasteland 2: Director\'s Cut'),(405370,'Sky Break'),(405650,'Zero Reflex'),(406870,'Eventide: Slavic Fable'),(407530,'ARK: Survival Of The Fittest'),(407810,'Hard Reset Redux'),(407840,'Guardians of Orion (Phase 1)'),(408120,'Cibele'),(408900,'Unfortunate Spacemen'),(409710,'BioShock Remastered'),(409720,'BioShock 2 Remastered'),(410340,'Liftoff'),(410700,'System Shock: Classic'),(410710,'System Shock: Enhanced Edition'),(410820,'Starward Rogue'),(410900,'Forts'),(411000,'Sorcery! Parts 1 & 2'),(411300,'ELEX'),(412020,'Metro Exodus'),(413150,'Stardew Valley'),(414340,'Hellblade: Senua\'s Sacrifice'),(414660,'Vampire Legends: The True Story of Kisilova'),(415030,'One More Dungeon'),(415800,'X Rebirth: Home of Light'),(416680,'Zombie Night Terror'),(418030,'Subsistence'),(418060,'Battle Riders'),(418240,'Shadow Tactics: Blades of the Shogun'),(418360,'Gurgamoth'),(418370,'Resident Evil 7 Biohazard'),(419480,'Starpoint Gemini Warlords'),(420110,'NEKOPARA Vol. 2'),(420290,'Blackwake'),(420360,'Spectrum'),(421040,'Plantera'),(421740,'Goetia'),(421810,'OH! RPG!'),(422900,'Particle Fleet: Emergence'),(422970,'Devil Daggers'),(424840,'Little Nightmares'),(425210,'Shadwen'),(425410,'Road to Ballhalla'),(425650,'Halloween Forever'),(427190,'Dead Rising'),(427290,'Vampyr'),(427340,'The Condemned'),(427460,'Battlerite Public Test'),(427520,'Factorio'),(427820,'Hitman GO: Definitive Edition'),(429180,'Project CARS - Pagani Edition'),(429330,'Stikbold!'),(430210,'Megaton Rainfall'),(431240,'Golf With Your Friends'),(431650,'Phoning Home'),(431960,'Wallpaper Engine'),(432100,'Negligee'),(432260,'Tiltagon'),(432620,'Mimic Arena'),(433340,'Slime Rancher'),(433850,'Z1 Battle Royale'),(433950,'Bit Blaster XL'),(434170,'The Jackbox Party Pack 3'),(435150,'Divinity: Original Sin 2'),(435400,'Hidden Folks'),(435530,'The Final Station'),(437220,'The Culling'),(437420,'The Secret Order 3: Ancient Times'),(437520,'ZeGame'),(437920,'Tricky Towers'),(438100,'VRChat'),(438490,'GOD EATER 2 Rage Burst'),(438640,'LEGO® STAR WARS™: The Force Awakens'),(438790,'Random Access Murder'),(439700,'H1Z1: Test Server'),(440550,'RunGunJumpGun'),(440650,'Niche - a genetics survival game'),(440900,'Conan Exiles'),(441350,'Assault Suit Leynos'),(441550,'STAR WARS™ Rebellion'),(441790,'Fragmented'),(442070,'Drawful 2'),(442120,'Pinball FX3'),(444090,'Paladins'),(444560,'Agent Origins: Escape'),(445900,'Hurtworld SDK'),(445980,'Wizard of Legend'),(447040,'Watch_Dogs 2'),(447780,'LostWinds'),(448790,'Infinity Wings - Scout & Grunt'),(448850,'Overload'),(449220,'A grande bagunça espacial - The big space mess'),(450390,'The Lab'),(451020,'Battle Chasers: Nightwar'),(452060,'Caveblazers'),(452570,'Battle Chef Brigade'),(455130,'Call of Duty: Black Ops III – Mod Tools'),(455910,'STAR WARS™: Rogue Squadron 3D'),(456540,'STAR WARS™: Rebel Assault I + II'),(457140,'Oxygen Not Included'),(457210,'SEUM: Speedrunners from Hell'),(458470,'Grim Legends 3: The Dark City'),(458480,'Mythic Wonders: The Philosopher\'s Stone'),(458680,'Auto Age: Standoff'),(460810,'Vanquish'),(460870,'GOD EATER RESURRECTION'),(460930,'Tom Clancy\'s Ghost Recon® Wildlands'),(462780,'Darksiders Warmastered Edition'),(463390,'One Thousand Lies'),(464060,'RUINER'),(464920,'Surviving Mars'),(465170,'Crime Secrets: Crimson Lily'),(465650,'Out of the Park Baseball 18'),(465760,'Scrap Garden'),(465930,'OddPlanet'),(466240,'Deceit'),(466560,'Northgard'),(469820,'Genital Jousting'),(470220,'UNO'),(471010,'Seven: Enhanced Edition'),(473690,'Absolver'),(474750,'Reigns'),(474960,'Quantum Break'),(475150,'Titan Quest Anniversary Edition'),(475190,'Scanner Sombre'),(475320,'Criminal'),(476600,'Call of Duty: WWII'),(476620,'Call of Duty: WWII - Multiplayer'),(477160,'Human: Fall Flat'),(480490,'Prey'),(488550,'Dream Car Builder'),(489630,'Warhammer 40,000: Gladius - Relics of War'),(489830,'The Elder Scrolls V: Skyrim Special Edition'),(491950,'Orwell'),(493340,'Planet Coaster'),(493540,'Figment'),(493900,'Dungeons 3'),(495050,'Mega Man Legacy Collection 2'),(495290,'AccuRC 2'),(496240,'Onward'),(496300,'Kingdom: New Lands'),(499520,'The Turing Test'),(499690,'Criminal: Criminal Intent Featurette'),(499700,'Criminal: Director\'s Notes'),(499710,'Criminal: Deleted Scenes'),(499720,'Criminal: Madsonik\'s \'Drift and Fall Again\' Music Video'),(501590,'Bulletstorm: Full Clip Edition'),(502520,'Ultimate General: Civil War'),(503560,'911 Operator'),(504050,'Planet Nomads'),(504130,'Manual Samuel'),(504210,'SHENZHEN I/O'),(504370,'Battlerite'),(504460,'Team Racing League'),(505040,'FORTIFY'),(505460,'Foxhole'),(507490,'Ashes of the Singularity: Escalation'),(509170,'VRNinja'),(510620,'THOTH'),(512360,'Double Fine Adventure: Ep01 - A Perfect Storm For Adventure'),(512900,'Streets of Rogue'),(513710,'SCUM'),(514900,'Observer'),(517630,'Just Cause 4'),(519190,'Next Day: Survival'),(519860,'DUSK'),(520600,'Purrfect Date'),(520720,'Dear Esther: Landmark Edition'),(521570,'You Have 10 Seconds 2'),(522210,'Serial Cleaner'),(522240,'Pool Panic'),(523660,'HYPERCHARGE: Unboxed'),(524390,'PCMark 10'),(524440,'Tom Clancy\'s The Division PTS'),(525480,'.hack//G.U. Last Recode'),(526870,'Satisfactory'),(527440,'Rustangelo'),(528230,'SYNTHETIK'),(529910,'ARK Park'),(530320,'Wandersong'),(530870,'Empyrion - Galactic Survival Dedicated Server'),(532210,'Life is Strange 2'),(535480,'Sundered: Eldritch Edition'),(535850,'Micro Machines World Series'),(535930,'Two Point Hospital'),(536070,'Double Fine Adventure: Ep01 Bonus - Kickstarter Pitch Video'),(536071,'Double Fine Adventure: Ep01 Bonus - Kickstarter Pitch Bloopers'),(536072,'Double Fine Adventure: Ep01 Bonus - Kickstarter DRM Update'),(536073,'Double Fine Adventure: Ep01 Bonus - Kickstarter Rewards Options'),(536074,'Double Fine Adventure: Ep01 Bonus - Kickstarter European Options'),(536075,'Double Fine Adventure: Ep02 Bonus - Tim\'s First Address to Backe'),(536076,'Double Fine Adventure: Ep02 Bonus - Project Q&A w/ Tim'),(536077,'Double Fine Adventure: Ep02 Bonus - Tim and Ron Adventure Chat'),(536078,'Double Fine Adventure: Ep03 Bonus - Lumberjack Animatic'),(536079,'Double Fine Adventure: Ep03 Bonus - Greg Models Backer T-Shirt'),(536080,'Double Fine Adventure: Ep03 Bonus - Moai Promo Video'),(536081,'Double Fine Adventure: Ep04 Bonus - Lumberjack Previz'),(536082,'Double Fine Adventure: Ep05 Bonus - Lumberjack Party (Kinect Demo)'),(536083,'Double Fine Adventure: Ep07 Bonus - Lili Picks the Girl'),(536084,'Double Fine Adventure: Ep07 Bonus - Marius Animatics'),(536085,'Double Fine Adventure: Ep09 Bonus - Teaser Trailer Previz'),(536086,'Double Fine Adventure: Ep09 Bonus - Broken Age Teaser Trailer'),(536087,'Double Fine Adventure: Ep09 Bonus - 90,000 Friends'),(536088,'Double Fine Adventure: Ep09 Bonus - Teaser Evolution'),(536089,'Double Fine Adventure: Ep11 Bonus - Scratch Audio Montage'),(536090,'Double Fine Adventure: Ep11 Bonus - Alternate Cinema Scenes'),(536091,'Double Fine Adventure: Ep12 Bonus - Jack Black Casting Reveal'),(536092,'Double Fine Adventure: Ep12 Bonus - Pendleton Ward in the Studio'),(536093,'Double Fine Adventure: Ep13 Bonus - Wil Wheaton Casting Reveal'),(536094,'Double Fine Adventure: Ep13 Bonus - Elijah Wood Casting Reveal'),(536095,'Double Fine Adventure: Ep13 Bonus - Dave G\'s Wolf Scene'),(536096,'Double Fine Adventure: Ep14 Bonus - Broken Age Vella Trailer'),(536097,'Double Fine Adventure: Ep14 Bonus - Broken Age Shay Trailer'),(536098,'Double Fine Adventure: Ep15 Bonus - Broken Age Act 1 Trailer'),(536099,'Double Fine Adventure: Ep16 Bonus - Broken Age iPad Promo'),(536100,'Double Fine Adventure: Ep17 Bonus - Anna Kipnis Dialog Talk'),(536101,'Double Fine Adventure: Ep17 Bonus - Oliver Franzke Scalability Talk'),(536102,'Double Fine Adventure: Ep18 Bonus - Shay Game Awards Interstital'),(536103,'Double Fine Adventure: Ep18 Bonus - Tim\'s Update on Exciting Times'),(536104,'Double Fine Adventure: Ep18 Bonus - Broken Age Climax Animatic'),(536105,'Double Fine Adventure: Ep19 Bonus - Broken Age Launch Trailer'),(536106,'Double Fine Adventure: Ep19 Bonus - Backer Box Poll'),(536107,'Double Fine Adventure: Ep20 Bonus - Russian Subtitles'),(536108,'Double Fine Adventure: Ep20 Bonus - Thank You from the Backers'),(536110,'Double Fine Adventure: Ep01 Deleted - Talking with Ron'),(536111,'Double Fine Adventure: Ep02 Deleted - Tim and Erik Chat'),(536112,'Double Fine Adventure: Ep02 Deleted - Feedback with Ron'),(536113,'Double Fine Adventure: Ep02 Deleted - Ron Responds to Pitch'),(536114,'Double Fine Adventure: Ep03 Deleted - Codenames'),(536115,'Double Fine Adventure: Ep03 Deleted - Bar Crawling'),(536116,'Double Fine Adventure: Ep04 Deleted - Dinosaurs'),(536117,'Double Fine Adventure: Ep04 Deleted - Art Jamming'),(536118,'Double Fine Adventure: Ep04 Deleted - Scott Gets Shot Down'),(536119,'Double Fine Adventure: Ep04 Deleted - Signing Posters'),(536120,'Double Fine Adventure: Ep05 Deleted - Early Story Decisions'),(536121,'Double Fine Adventure: Ep05 Deleted - It\'s Getting Even Hairier'),(536122,'Double Fine Adventure: Ep06 Deleted - Driving with Tim'),(536123,'Double Fine Adventure: Ep06 Deleted - Crazy Cat Man'),(536124,'Double Fine Adventure: Ep06 Deleted - Vella Alteration'),(536125,'Double Fine Adventure: Ep06 Deleted - Art Directon'),(536126,'Double Fine Adventure: Ep06 Deleted - Early Story Concepts'),(536127,'Double Fine Adventure: Ep08 Deleted - Extended Beard Trimming'),(536128,'Double Fine Adventure: Ep09 Deleted - Ron Gilbert\'s Notes'),(536129,'Double Fine Adventure: Ep10 Deleted - Brainstorming with John'),(536130,'Double Fine Adventure: Ep10 Deleted - Gameinformer Extended'),(536131,'Double Fine Adventure: Ep10 Deleted - Reflections'),(536132,'Double Fine Adventure: Ep10 Deleted - Lighting'),(536133,'Double Fine Adventure: Ep11 Deleted - Grabbing Game'),(536134,'Double Fine Adventure: Ep12 Deleted - Fem Shep'),(536135,'Double Fine Adventure: Ep14 Deleted - Mock Reviews'),(536136,'Double Fine Adventure: Ep15 Deleted - Refunds'),(536137,'Double Fine Adventure: Ep15 Deleted - One Unit'),(536138,'Double Fine Adventure: Ep15 Deleted - Act 2 Art Jammin\''),(536139,'Double Fine Adventure: Ep16 Deleted - Act 2 Brainstorming'),(536140,'Double Fine Adventure: Ep17 Deleted - Act 2 Hour Of Fun'),(536141,'Double Fine Adventure: Ep18 Deleted - Checking in with Bagel'),(536142,'Double Fine Adventure: Ep18 Deleted - Lee Leaves the Team'),(536143,'Double Fine Adventure: Ep19 Deleted - Tim\'s Last Call'),(536144,'Double Fine Adventure: Ep19 Deleted - The Thrush'),(536145,'Double Fine Adventure: Ep19 Deleted - Oliver\'s Creed'),(536146,'Double Fine Adventure: Ep20 Deleted - Act 2 Reviews'),(537340,'Guts and Glory'),(540840,'Lara Croft GO'),(541300,'Survive the Nights'),(542310,'Escape the Game'),(542350,'Castle of no Escape 2'),(544330,'Snake Pass'),(544550,'Stationeers'),(545100,'PAYDAY 2: John Wick Weapon Pack'),(546430,'Pathway'),(546560,'Half-Life: Alyx'),(547860,'Rend'),(548430,'Deep Rock Galactic'),(550010,'Happy Room'),(550210,'Layers of Fear - Soundtrack'),(552100,'Brick Rigs'),(552500,'Warhammer: Vermintide 2'),(552520,'Far Cry 5'),(555000,'GOAT OF DUTY'),(555400,'Collision Course'),(557340,'My Friend Pedro'),(559680,'Vampire: The Masquerade - Redemption'),(562270,'Shot Shot Tactic'),(562590,'Galactic Junk League'),(563560,'Alien Swarm: Reactive Drop'),(564310,'Serious Sam Fusion 2017 (beta)'),(564750,'Dimension Jump'),(566860,'VR Dungeon Knight'),(568570,'Force of Nature'),(569480,'Kingdoms and Castles'),(570460,'Laser League'),(570940,'DARK SOULS™: REMASTERED'),(573090,'Stormworks: Build and Rescue'),(574090,'MOTHERGUNSHIP'),(575640,'Zup! 3'),(577420,'Double Fine Adventure: Sidequest 1 // Tim Schafer - \"My Father Told Me It Would Be...\"'),(577421,'Double Fine Adventure: Sidequest 2 // Tim Schafer - “I’m Such a F@#$in’ Genius”'),(577422,'Double Fine Adventure: Sidequest 3 // Lee Petty - \"I Was a Very Pleasant Baby\"'),(577423,'Double Fine Adventure: Sidequest 4 // Anna Kipnis - \"I Got My Dream Job\"'),(577424,'Double Fine Adventure: Sidequest 5 // Brandon Dillon - \"There Could Possibly Be...\"'),(577425,'Double Fine Adventure: Sidequest 6 // Ray Crook - \"I Think it\'s OK i\'m Still Here\"'),(577426,'Double Fine Adventure: Sidequest 7 // JP LeBreton - \"You Don\'t Step in the Same...\"'),(577427,'Double Fine Adventure: Sidequest 8 // Oliver Franzke - \"I Would Have Absolutely...\"'),(577428,'Double Fine Adventure: Sidequest 9 // Dave Gardner - \"Look, the Clocks...\"'),(577429,'Double Fine Adventure: Sidequest 10 // Peter McConnell - \"What I Wish I Could Have...\"'),(577430,'Double Fine Adventure: Sidequest 11 // Khris Brown - \"The Purity of Your Intent\"'),(577431,'Double Fine Adventure: Sidequest 12 // Camden Stoddard - \"The Weight of the Sound\"'),(577432,'Double Fine Adventure: Sidequest 13 // Justin Bailey - \"My Seat Only Goes Back So Far\"'),(577433,'Double Fine Adventure: Sidequest 14 // Ben Peck - \"It\'s Not Like This Every Day\"'),(577434,'Double Fine Adventure: Sidequest 15 // Matt Hansen - \"Just Take It Seriously\"'),(578080,'PLAYERUNKNOWN\'S BATTLEGROUNDS'),(578650,'The Outer Worlds'),(579760,'The Journey Down: Chapter Three'),(581270,'Old Man\'s Journey'),(581320,'Insurgency: Sandstorm'),(582010,'Monster Hunter: World'),(582160,'Assassin\'s Creed Origins'),(582270,'Everything'),(582660,'Black Desert Online'),(583010,'VoiceAttack'),(583930,'Faerie Solitaire Remastered'),(584400,'Sonic Mania'),(585420,'Trailmakers'),(585840,'Leaving Lyndow'),(587000,'First Strike Final Hour'),(587650,'Half-Life 2: DownFall'),(588210,'HELLION'),(588430,'Fallout Shelter'),(589470,'Myrne: The Quest'),(590560,'Filthy, Stinking, Orcs!'),(593600,'PixARK'),(594490,'Deadly Hunter VR'),(594570,'Total War: WARHAMMER II'),(594650,'Hunt: Showdown'),(595140,'Immortal Redneck'),(596350,'Paladins - Public Test'),(600130,'Valfaris'),(600300,'Double Fine Adventure: Sidequest 16 // Malena Annable - \"Autonomy to be Awesome\"'),(603800,'ReThink'),(606730,'Sine Mora EX'),(608800,'Guns of Icarus Alliance'),(611120,'IKEA VR Pancake Kitchen'),(611500,'Quake Champions'),(611670,'The Elder Scrolls V: Skyrim VR'),(611790,'House Party'),(612880,'Wolfenstein II: The New Colossus'),(614570,'Dishonored®: Death of the Outsider™ '),(615610,'Orbt XL'),(616110,'SPACEPLAN'),(617290,'Remnant: From the Ashes'),(617830,'SUPERHOT VR'),(619780,'The Swords of Ditto: Mormo\'s Curse'),(619880,'ATOMEGA'),(622170,'Offensive Combat: Redux!'),(623990,'Tom Clancy\'s Rainbow Six Siege - Test Server'),(625230,'Kiln Prototype'),(627620,'Intelligent Design: An Evolutionary Sandbox'),(628770,'Tangledeep'),(629090,'Horace'),(629160,'The Gods Must Be Hungry Prototype'),(629170,'I Have No Idea What I\'m Doing Prototype'),(629760,'MORDHAU'),(631780,'Amnesia Fortnight'),(631790,'Amnesia Fortnight: AF 2017 - Day 0'),(631791,'Amnesia Fortnight: AF 2017 - Day 1'),(631792,'Amnesia Fortnight: AF 2017 - Day 2'),(631793,'Amnesia Fortnight: AF 2017 - Day 3'),(631794,'Amnesia Fortnight: AF 2017 - Day 4'),(631795,'Amnesia Fortnight: AF 2017 - Day 5'),(631796,'Amnesia Fortnight: AF 2017 - Day 6'),(631797,'Amnesia Fortnight: AF 2017 - Day 7'),(631798,'Amnesia Fortnight: AF 2017 - Day 8'),(631799,'Amnesia Fortnight: AF 2017 - Day 9'),(632360,'Risk of Rain 2'),(635200,'Distrust'),(635320,'Last Day of June'),(637090,'BATTLETECH'),(637100,'Sonic Forces'),(637670,'Secret of Mana'),(641780,'The Drone Racing League Simulator'),(641990,'The Escapists 2'),(643530,'Amnesia Fortnight: AF 2017 - Day 10'),(644440,'Amnesia Fortnight: AF 2012 - Day 0'),(644441,'Amnesia Fortnight: AF 2012 - Day 1'),(644442,'Amnesia Fortnight: AF 2012 - Day 2'),(644443,'Amnesia Fortnight: AF 2012 - Day 3'),(644444,'Amnesia Fortnight: AF 2012 - Day 4'),(644445,'Amnesia Fortnight: AF 2012 - Day 5'),(644446,'Amnesia Fortnight: AF 2012 - Day 6'),(644447,'Amnesia Fortnight: AF 2012 - Day 7'),(644448,'Amnesia Fortnight: AF 2012 - Day 8'),(644449,'Amnesia Fortnight: AF 2012 - Day 9'),(644450,'Amnesia Fortnight: AF 2012 - Day 10'),(644451,'Amnesia Fortnight: AF 2012 - The Day After'),(644460,'Amnesia Fortnight: AF 2014 - Day 0'),(644461,'Amnesia Fortnight: AF 2014 - Day 1'),(644462,'Amnesia Fortnight: AF 2014 - Day 2'),(644463,'Amnesia Fortnight: AF 2014 - Day 3'),(644464,'Amnesia Fortnight: AF 2014 - Day 4'),(644465,'Amnesia Fortnight: AF 2014 - Day 5'),(644466,'Amnesia Fortnight: AF 2014 - Day 6'),(644467,'Amnesia Fortnight: AF 2014 - Day 7'),(644468,'Amnesia Fortnight: AF 2014 - Day 8'),(644469,'Amnesia Fortnight: AF 2014 - Day 9'),(644470,'Amnesia Fortnight: AF 2014 - Day 10'),(644471,'Amnesia Fortnight: AF 2014 - The Day After'),(644830,'The Surge 2'),(644930,'They Are Billions'),(646200,'Dead Effect 2 VR'),(646570,'Slay the Spire'),(648350,'Jurassic World Evolution'),(648800,'Raft'),(649610,'Amnesia Fortnight: AF 2012 - Bonus - All 30 Second Pitches'),(649611,'Amnesia Fortnight: AF 2012 - Bonus - BRAZEN Documentary'),(649612,'Amnesia Fortnight: AF 2012 - Bonus - End Credits'),(649613,'Amnesia Fortnight: AF 2012 - Bonus - Intro'),(649614,'Amnesia Fortnight: AF 2012 - Bonus - Autonomous Playthrough'),(649615,'Amnesia Fortnight: AF 2012 - Bonus - Black Lake Playthrough'),(649616,'Amnesia Fortnight: AF 2012 - Bonus - BRAZEN Playthrough'),(649617,'Amnesia Fortnight: AF 2012 - Bonus - Hack \'n\' Slash Playthrough'),(649618,'Amnesia Fortnight: AF 2012 - Bonus - Spacebase DF-9 Playthrough'),(649619,'Amnesia Fortnight: AF 2012 - Bonus - The White Birch Playthrough'),(650040,'Amnesia Fortnight: AF 2014 - Bonus - All 30 Second Pitches'),(650041,'Amnesia Fortnight: AF 2014 - Bonus - Audio Department Postmortem'),(650042,'Amnesia Fortnight: AF 2014 - Bonus - Intro'),(650043,'Amnesia Fortnight: AF 2014 - Bonus - Dear Leader Playthrough'),(650044,'Amnesia Fortnight: AF 2014 - Bonus - Little Pink Best Buds Playthrough'),(650045,'Amnesia Fortnight: AF 2014 - Bonus - Mnemonic Playthrough'),(650046,'Amnesia Fortnight: AF 2014 - Bonus - Steed Playthrough'),(650047,'Amnesia Fortnight: AF 2014 - Bonus - Spoilers With Pen Ward'),(650048,'Amnesia Fortnight: AF 2014 - Bonus - Tim and Pen Ward Interview'),(650049,'Amnesia Fortnight: AF 2014 - Bonus - Tim and Project Lead Interviews'),(650050,'Amnesia Fortnight: AF 2014 - Bonus - Trailer'),(650220,'Interplanetary: Enhanced Edition'),(654310,'For Honor - Public Test'),(655700,'F.E.X (Forced Evolution Experiment)'),(656350,'UnderMine'),(656680,'Bomb Defense'),(657200,'Hand Simulator'),(658850,'Do Not Feed the Monkeys'),(667720,'Red Faction Guerrilla Re-Mars-tered'),(670080,'SuperLuminauts'),(671440,'Rise of Industry'),(671510,'Desolate'),(673130,'AMID EVIL'),(673880,'Warhammer 40,000: Mechanicus'),(674940,'Stick Fight: The Game'),(675010,'MudRunner'),(677160,'We Were Here Too'),(677180,'Pantropy'),(677480,'Outpost Zero'),(678960,'CODE VEIN'),(680360,'Regions Of Ruin'),(680800,'Amnesia Fortnight: AF 2017 - The Day After'),(684410,'Bridge Constructor Portal'),(686260,'Forged Battalion'),(690040,'SUPERHOT: MIND CONTROL DELETE'),(690640,'Trine 4: The Nightmare Prince'),(690810,'Killing Floor: Incursion'),(700030,'Life is Feudal: MMO'),(700330,'SCP: Secret Laboratory'),(700580,'Rust - Staging Branch'),(701160,'Kingdom Two Crowns'),(704270,'Generation Zero®'),(709440,'Override'),(709820,'Wasted Pizza'),(711980,'Starship EVO'),(715010,'Diamo XL'),(716490,'EXAPUNKS'),(717640,'Reigns: Her Majesty'),(719040,'Wasteland 3'),(722560,'RAD'),(727130,'Between the Stars'),(729040,'Borderlands GOTY Enhanced'),(730590,'Laser League Beta'),(736260,'Baba Is You'),(737010,'Warhammer: Vermintide 2 Closed Test'),(737800,'F1 2018'),(739630,'Phasmophobia'),(741820,'Prey: Typhon Hunter'),(743450,'Monster Prom'),(743650,'Quake Champions PTS'),(743890,'Mega Man X Legacy Collection'),(743900,'Mega Man X Legacy Collection 2'),(747350,'Hellblade: Senua\'s Sacrifice VR Edition'),(749960,'Townsmen VR'),(750920,'Shadow of the Tomb Raider'),(751780,'Forager'),(752590,'A Plague Tale: Innocence'),(753650,'Due Process'),(755790,'Ring of Elysium'),(765710,'Light Bearers'),(770720,'Hunt: Showdown (Test Server)'),(774861,'Project Winter'),(774941,'Squad - Public Testing'),(779340,'Total War: THREE KINGDOMS'),(782330,'DOOM Eternal'),(783050,'Bear With Me - Collector\'s Edition'),(788690,'Psychonauts in the Rhombus of Ruin'),(793370,'KIDS'),(794260,'Outward'),(801040,'Poly Universe'),(803330,'Destroy All Humans!'),(812140,'Assassin\'s Creed Odyssey'),(815370,'Green Hell'),(823130,'Totally Accurate Battlegrounds'),(824270,'KovaaK 2.0'),(826600,'I’m not a Monster'),(829590,'CryoFall'),(845070,'The Awesome Adventures of Captain Spirit'),(848450,'Subnautica: Below Zero'),(854250,'FPV Freerider'),(855850,'Space Elite Force'),(858460,'SMITE - Public Test'),(858590,'Last Tide'),(860950,'Mark of the Ninja: Remastered'),(868360,'Project Hospital'),(870200,'SimpleRockets 2'),(880940,'Pummel Party'),(881100,'Noita'),(884660,'Cuisine Royale'),(893680,'Project Warlock'),(897030,'Paratopic'),(900270,'Reventure'),(912290,'Miscreated: Experimental Server'),(914620,'Mist Survival'),(919670,'Medieval Engineers - Remote Client'),(929860,'Game Builder'),(931180,'Conan Exiles - Testlive Client'),(939960,'Far Cry New Dawn'),(945360,'Among Us'),(950670,'Gothic Playable Teaser'),(951440,'Volcanoids'),(951940,'Almost There: The Platformer'),(953490,'CARRION'),(962130,'Grounded'),(966330,'Flower'),(970070,'Fechtbuch: The Real Swordfighting behind Kingdom Come'),(976180,'Deliverance: The Making of Kingdom Come'),(976730,'Halo: The Master Chief Collection'),(994220,'NEOVERSE'),(1018000,'Arcade Classics Anniversary Collection'),(1025170,'Fechtbuch: Introducing Robert Waschka'),(1025171,'Fechtbuch: Introducing Petr Vytopil'),(1025172,'Fechtbuch: Introducing Petr N?sek'),(1025173,'Fechtbuch: Introducing Peter Koza'),(1030830,'Mafia II: Definitive Edition'),(1040460,'Space Scavenger'),(1041720,'Kingdoms of Amalur: Re-Reckoning'),(1058020,'STAR WARS™ Battlefront (Classic, 2004)'),(1083500,'PlanetSide 2 - Test'),(1085660,'Destiny 2'),(1097150,'Fall Guys'),(1104660,'MO:Astray'),(1128000,'Cube World'),(1128810,'RISK: Global Domination'),(1139900,'Ghostrunner'),(1145360,'Hades'),(1148590,'DOOM 64'),(1151340,'Fallout 76'),(1151640,'Horizon Zero Dawn'),(1161580,'Hardspace: Shipbreaker'),(1172380,'STAR WARS Jedi: Fallen Order™ '),(1172620,'Sea of Thieves'),(1174180,'Red Dead Redemption 2'),(1213210,'Command & Conquer™ Remastered Collection'),(1217060,'Gunfire Reborn'),(1222670,'The Sims™ 4'),(1237970,'Titanfall® 2'),(1238810,'Battlefield ™ V'),(1238840,'Battlefield 1 ™'),(1238860,'Battlefield 4™ '),(1275630,'Drug Dealer Simulator: Free Sample'),(1281930,'tModLoader'),(1284410,'GWENT: The Witcher Card Game'),(1286830,'STAR WARS™: The Old Republic™'),(1292630,'3on3 FreeStyle: Rebound'),(1293860,'The Riftbreaker: Prologue'),(1307550,'Craftopia'),(1310510,'Handy Harry\'s Haunted House Services'),(1343400,'RuneScape'),(1349230,'5D Chess With Multiverse Time Travel');
/*!40000 ALTER TABLE `game` ENABLE KEYS */;
UNLOCK TABLES;

--
-- Table structure for table `hibernate_sequence`
--

DROP TABLE IF EXISTS `hibernate_sequence`;
/*!40101 SET @saved_cs_client     = @@character_set_client */;
/*!50503 SET character_set_client = utf8mb4 */;
CREATE TABLE `hibernate_sequence` (
  `next_val` bigint(20) DEFAULT NULL
) ENGINE=InnoDB DEFAULT CHARSET=latin1;
/*!40101 SET character_set_client = @saved_cs_client */;

--
-- Dumping data for table `hibernate_sequence`
--

LOCK TABLES `hibernate_sequence` WRITE;
/*!40000 ALTER TABLE `hibernate_sequence` DISABLE KEYS */;
INSERT INTO `hibernate_sequence` VALUES (587),(587);
/*!40000 ALTER TABLE `hibernate_sequence` ENABLE KEYS */;
UNLOCK TABLES;

--
-- Table structure for table `user`
--

DROP TABLE IF EXISTS `user`;
/*!40101 SET @saved_cs_client     = @@character_set_client */;
/*!50503 SET character_set_client = utf8mb4 */;
CREATE TABLE `user` (
  `id` bigint(20) NOT NULL,
  `password` varchar(255) DEFAULT NULL,
  `role` varchar(255) DEFAULT NULL,
  `steamid64` varchar(255) DEFAULT NULL,
  `username` varchar(255) DEFAULT NULL,
  PRIMARY KEY (`id`)
) ENGINE=InnoDB DEFAULT CHARSET=latin1;
/*!40101 SET character_set_client = @saved_cs_client */;

--
-- Dumping data for table `user`
--

LOCK TABLES `user` WRITE;
/*!40000 ALTER TABLE `user` DISABLE KEYS */;
INSERT INTO `user` VALUES (6,'$2a$11$gxcqMW61W6CdfKh8MX1M1uzsmxgVZak.Zj42KrPJBzGEKb.cPqAyG','admin','76561198440364879','cBizz'),(172,'$2a$11$ypZsevthJB9Rz2uWTgERze0sWtKGwBAqYsLoRlM5CKVSzyfR2ZjzC','admin','007','test_user'),(200,'$2a$11$V0Bj/j2hHTYKpUHUJPv06ucbjKg8VC7lSJN3tsb0z5cZBzn8CBG5C','admin','200','test'),(575,'$2a$11$FX/scsew9q30ZBBJFnmtHOGeVQN5.HUSPQxe8OPGkB9O2afYou8du','user','76561198089525491','Aaron');
/*!40000 ALTER TABLE `user` ENABLE KEYS */;
UNLOCK TABLES;

--
-- Table structure for table `user_friend_list`
--

DROP TABLE IF EXISTS `user_friend_list`;
/*!40101 SET @saved_cs_client     = @@character_set_client */;
/*!50503 SET character_set_client = utf8mb4 */;
CREATE TABLE `user_friend_list` (
  `user_id` bigint(20) NOT NULL,
  `friend_list_id` bigint(20) NOT NULL,
  UNIQUE KEY `UK_d3fr4pcota6fj2bvpkf5f26ym` (`friend_list_id`),
  KEY `FKjcumw7bhir3egfdq67lf17at3` (`user_id`),
  CONSTRAINT `FKcjy0608k6a9rew7tbxtqr6elh` FOREIGN KEY (`friend_list_id`) REFERENCES `friend_list` (`id`),
  CONSTRAINT `FKjcumw7bhir3egfdq67lf17at3` FOREIGN KEY (`user_id`) REFERENCES `user` (`id`)
) ENGINE=InnoDB DEFAULT CHARSET=latin1;
/*!40101 SET character_set_client = @saved_cs_client */;

--
-- Dumping data for table `user_friend_list`
--

LOCK TABLES `user_friend_list` WRITE;
/*!40000 ALTER TABLE `user_friend_list` DISABLE KEYS */;
INSERT INTO `user_friend_list` VALUES (172,173),(172,174),(172,175),(172,176),(172,177),(172,178),(172,179),(172,180),(172,181),(172,241),(575,576);
/*!40000 ALTER TABLE `user_friend_list` ENABLE KEYS */;
UNLOCK TABLES;
/*!40103 SET TIME_ZONE=@OLD_TIME_ZONE */;

/*!40101 SET SQL_MODE=@OLD_SQL_MODE */;
/*!40014 SET FOREIGN_KEY_CHECKS=@OLD_FOREIGN_KEY_CHECKS */;
/*!40014 SET UNIQUE_CHECKS=@OLD_UNIQUE_CHECKS */;
/*!40101 SET CHARACTER_SET_CLIENT=@OLD_CHARACTER_SET_CLIENT */;
/*!40101 SET CHARACTER_SET_RESULTS=@OLD_CHARACTER_SET_RESULTS */;
/*!40101 SET COLLATION_CONNECTION=@OLD_COLLATION_CONNECTION */;
/*!40111 SET SQL_NOTES=@OLD_SQL_NOTES */;

-- Dump completed on 2020-11-12 17:26:30
